,trade_index,order_index,assets,lots,open_bars,shut_bars,atakes,acuts,close_bars,durations,open_prices,close_prices,gains
0,0,0,BRK-A,0.22727272727272727,2000-02-29,2000-05-29,3000.0,-500.0,2000-03-10,10 days 00:00:00.000000000,44000.0,41300.0,-613.6363636363636
1,1,1,JNJ,468.42394740237205,2000-02-29,2000-05-29,3000.0,-500.0,2000-05-29,90 days 00:00:00.000000000,21.348182678222656,26.31962776184082,2328.743930362536
2,2,2,PG,657.2387992625419,2000-03-31,2000-06-30,3000.0,-500.0,2000-06-30,91 days 00:00:00.000000000,15.215169906616211,15.357617378234863,93.62200520462808
3,3,3,AMZN,149.2537313432836,2000-03-31,2000-06-30,3000.0,-500.0,2000-04-03,3 days 00:00:00.000000000,67.0,63.5625,-513.0597014925373
4,4,4,MSFT,445.69036961184094,2000-04-28,2000-07-28,3000.0,-500.0,2000-05-10,12 days 00:00:00.000000000,22.437101364135742,21.291107177734375,-510.75857251024627
5,5,5,JPM,372.5678607066004,2000-04-28,2000-07-28,3000.0,-500.0,2000-06-16,49 days 00:00:00.000000000,26.840747833251953,25.363819122314453,-550.2561702501414
6,6,6,AAPL,3830.9733392166877,2000-05-31,2000-08-31,3000.0,-500.0,2000-06-21,21 days 00:00:00.000000000,2.610302686691284,3.4570980072021484,3244.050296650571
7,7,7,AMZN,206.98576972833118,2000-05-31,2000-08-31,3000.0,-500.0,2000-06-19,19 days 00:00:00.000000000,48.3125,45.3125,-620.9573091849935
8,8,8,AMZN,275.38726333907056,2000-06-30,2000-09-30,3000.0,-500.0,2000-07-11,11 days 00:00:00.000000000,36.3125,33.125,-877.7969018932874
9,9,9,BAC,898.4126195333391,2000-06-30,2000-09-30,3000.0,-500.0,2000-09-08,70 days 00:00:00.000000000,11.130743026733398,14.769997596740723,3269.552231388956
10,10,10,AMZN,331.9502074688797,2000-07-31,2000-10-31,3000.0,-500.0,2000-08-24,24 days 00:00:00.000000000,30.125,39.375,3070.539419087137
11,11,11,MSFT,445.29143007983157,2000-07-31,2000-10-31,3000.0,-500.0,2000-09-14,45 days 00:00:00.000000000,22.457202911376953,21.17048454284668,-572.9646624328332
12,12,12,WMT,301.6930645029126,2000-08-31,2000-11-30,3000.0,-500.0,2000-10-09,39 days 00:00:00.000000000,33.146270751953125,31.44123077392578,-514.3987360710481
13,13,13,JNJ,361.72454173322524,2000-08-31,2000-11-30,3000.0,-500.0,2000-11-30,91 days 00:00:00.000000000,27.64534568786621,30.270282745361328,949.5041542009819
14,14,14,AAPL,6248.5771699587385,2000-09-29,2000-12-29,3000.0,-500.0,2000-10-02,3 days 00:00:00.000000000,1.600364327430725,1.5071392059326172,-582.5243658597067
15,15,15,MSFT,515.4307351608489,2000-09-29,2000-12-29,3000.0,-500.0,2000-10-03,4 days 00:00:00.000000000,19.401248931884766,18.19495964050293,-621.7585762735993
16,16,16,AAPL,8224.96492043943,2000-10-31,2001-01-31,3000.0,-500.0,2000-11-17,17 days 00:00:00.000000000,1.2158106565475464,1.1497761011123657,-543.1319019911739
17,17,17,BAC,787.9819407779618,2000-10-31,2001-01-31,3000.0,-500.0,2000-11-15,15 days 00:00:00.000000000,12.690646171569824,11.089876174926758,-1261.3778486939348
18,18,18,AMZN,405.0632911392405,2000-11-30,2001-02-28,3000.0,-500.0,2000-12-07,7 days 00:00:00.000000000,24.6875,21.375,-1341.7721518987341
19,19,19,MSFT,541.8198266777603,2000-11-30,2001-02-28,3000.0,-500.0,2000-12-07,7 days 00:00:00.000000000,18.45631980895996,17.08918571472168,-740.7403579854423
20,20,20,AMZN,642.570281124498,2000-12-29,2001-03-29,3000.0,-500.0,2001-01-02,4 days 00:00:00.000000000,15.5625,13.875,-1084.3373493975905
21,21,21,MSFT,716.7012506060078,2000-12-29,2001-03-29,3000.0,-500.0,2001-01-19,21 days 00:00:00.000000000,13.952815055847168,19.622406005859375,4063.4029242982524
22,22,22,JNJ,354.72666680017994,2001-01-31,2001-04-30,3000.0,-500.0,2001-03-21,49 days 00:00:00.000000000,28.190719604492188,26.582643508911133,-570.4274733465151
23,23,23,PG,498.438860981716,2001-01-31,2001-04-30,3000.0,-500.0,2001-03-13,41 days 00:00:00.000000000,20.062641143798828,19.029356002807617,-515.029468744991
24,24,24,AMZN,981.5950920245399,2001-02-28,2001-05-28,3000.0,-500.0,2001-04-02,33 days 00:00:00.000000000,10.1875,9.100000381469727,-1067.4842881278757
25,25,25,JPM,375.9019738782658,2001-02-28,2001-05-28,3000.0,-500.0,2001-03-14,14 days 00:00:00.000000000,26.602680206298828,24.94356918334961,-623.6631084098001
26,26,26,PG,572.0106793772393,2001-03-30,2001-06-30,3000.0,-500.0,2001-04-10,11 days 00:00:00.000000000,17.48219108581543,16.393054962158203,-622.9974940274631
27,27,27,JNJ,375.1531988141367,2001-03-30,2001-06-30,3000.0,-500.0,2001-06-30,92 days 00:00:00.000000000,26.655776977539062,30.669130325317383,1505.6223463904614
28,28,28,PG,589.0286052229372,2001-04-30,2001-07-30,3000.0,-500.0,2001-07-30,91 days 00:00:00.000000000,16.97710418701172,20.321977615356445,1970.2261301451585
29,29,29,BAC,643.269587289497,2001-04-30,2001-07-30,3000.0,-500.0,2001-07-30,91 days 00:00:00.000000000,15.545581817626953,17.979320526123047,1565.5500945847557
30,30,30,AAPL,8065.206913615762,2001-05-31,2001-08-31,3000.0,-500.0,2001-07-25,55 days 00:00:00.000000000,1.2398937940597534,1.147911548614502,-741.855841894944
31,31,31,WMT,276.5849423774336,2001-05-31,2001-08-31,3000.0,-500.0,2001-06-15,15 days 00:00:00.000000000,36.15525817871094,33.64010238647461,-695.6542198659532
32,32,32,AMZN,706.7137999710191,2001-06-29,2001-09-29,3000.0,-500.0,2001-07-24,25 days 00:00:00.000000000,14.149999618530273,12.0600004196167,-1477.0312758005978
33,33,33,JPM,391.1903381907805,2001-06-29,2001-09-29,3000.0,-500.0,2001-07-16,17 days 00:00:00.000000000,25.563003540039062,23.860408782958984,-666.0386188240055
34,34,34,AAPL,8563.111364950646,2001-07-31,2001-10-31,3000.0,-500.0,2001-08-23,23 days 00:00:00.000000000,1.1677998304367065,1.106892704963684,-521.5544983445136
35,35,35,AMZN,800.6405270818314,2001-07-31,2001-10-31,3000.0,-500.0,2001-08-07,7 days 00:00:00.000000000,12.489999771118164,11.600000381469727,-712.5695804306332
36,36,36,AMZN,1118.568285164422,2001-08-31,2001-11-30,3000.0,-500.0,2001-09-05,5 days 00:00:00.000000000,8.9399995803833,7.650000095367432,-1442.9525118171882
37,37,37,WMT,297.4560823813916,2001-08-31,2001-11-30,3000.0,-500.0,2001-09-17,17 days 00:00:00.000000000,33.618408203125,30.784801483154297,-842.8735539320703
38,38,38,AMZN,1675.0419349142016,2001-09-28,2001-12-28,3000.0,-500.0,2001-10-11,13 days 00:00:00.000000000,5.96999979019165,7.849999904632568,3149.0790293320356
39,39,39,MSFT,607.5223251893583,2001-09-28,2001-12-28,3000.0,-500.0,2001-11-13,46 days 00:00:00.000000000,16.46030044555664,21.84199333190918,3269.4985757719237
40,40,40,XOM,419.42771566261973,2001-10-31,2002-01-31,3000.0,-500.0,2001-11-15,15 days 00:00:00.000000000,23.842010498046875,22.60789680480957,-517.6214872224817
41,41,41,BAC,588.3493611611856,2001-10-31,2002-01-31,3000.0,-500.0,2002-01-31,92 days 00:00:00.000000000,16.9967041015625,18.51719093322754,894.5774560641208
42,42,42,XOM,439.83959036179755,2001-11-30,2002-02-28,3000.0,-500.0,2002-02-28,90 days 00:00:00.000000000,22.73556137084961,25.25563621520996,1108.4286872245277
43,43,43,BRK-A,0.14285714285714285,2001-11-30,2002-02-28,3000.0,-500.0,2002-02-28,90 days 00:00:00.000000000,70000.0,73000.0,428.57142857142856
44,44,44,AMZN,924.2144438121871,2001-12-31,2002-03-31,3000.0,-500.0,2002-01-14,14 days 00:00:00.000000000,10.819999694824219,10.109999656677246,-656.192290362636
45,45,45,JPM,470.40743797307624,2001-12-31,2002-03-31,3000.0,-500.0,2002-01-29,29 days 00:00:00.000000000,21.258167266845703,18.920419692993164,-1099.6938468437477
46,46,46,JPM,497.4850478267433,2002-01-31,2002-04-30,3000.0,-500.0,2002-02-01,1 days 00:00:00.000000000,20.101106643676758,18.9853572845459,-555.0686232898738
47,47,47,MSFT,487.94384431675735,2002-01-31,2002-04-30,3000.0,-500.0,2002-02-06,6 days 00:00:00.000000000,20.49416160583496,19.429397583007812,-519.5450505884544
48,48,48,JPM,579.1238471935212,2002-02-28,2002-05-28,3000.0,-500.0,2002-04-19,50 days 00:00:00.000000000,17.26746368408203,22.50800132751465,3034.920321427167
49,49,49,AMZN,709.219838968376,2002-02-28,2002-05-28,3000.0,-500.0,2002-04-11,42 days 00:00:00.000000000,14.100000381469727,12.739999771118164,-964.5394138704283
50,50,50,BRK-A,0.14064697609001406,2002-03-29,2002-06-29,3000.0,-500.0,2002-06-26,89 days 00:00:00.000000000,71100.0,67500.0,-506.3291139240506
51,51,51,WMT,232.23408455817506,2002-03-29,2002-06-29,3000.0,-500.0,2002-04-18,20 days 00:00:00.000000000,43.060001373291016,40.8472785949707,-513.8696488042395
52,52,52,MSFT,594.8510115421664,2002-04-30,2002-07-30,3000.0,-500.0,2002-05-03,3 days 00:00:00.000000000,16.810932159423828,15.94239616394043,-516.649515474082
53,53,53,WMT,254.85050971754646,2002-04-30,2002-07-30,3000.0,-500.0,2002-07-12,73 days 00:00:00.000000000,39.23868942260742,37.17192459106445,-526.7160707850246
54,54,54,AAPL,6905.616498518421,2002-05-31,2002-08-31,3000.0,-500.0,2002-06-07,7 days 00:00:00.000000000,1.4480966329574585,1.3300111293792725,-815.4532017453776
55,55,55,JNJ,262.15265103748425,2002-05-31,2002-08-31,3000.0,-500.0,2002-06-11,11 days 00:00:00.000000000,38.145713806152344,35.74567794799805,-629.1757628001724
56,56,56,AAPL,9080.184842191265,2002-06-28,2002-09-28,3000.0,-500.0,2002-07-17,19 days 00:00:00.000000000,1.1012991666793823,0.9714057445526123,-1179.4562826958486
57,57,57,AMZN,615.3846153846154,2002-06-28,2002-09-28,3000.0,-500.0,2002-07-01,3 days 00:00:00.000000000,16.25,13.550000190734863,-1661.538344163161
58,58,58,JPM,664.8386882836967,2002-07-31,2002-10-31,3000.0,-500.0,2002-08-05,5 days 00:00:00.000000000,15.041242599487305,13.468419075012207,-1045.6739289137647
59,59,59,AAPL,10543.963999271478,2002-07-31,2002-10-31,3000.0,-500.0,2002-08-02,2 days 00:00:00.000000000,0.948409914970398,0.8980685472488403,-530.7975689301908
60,60,60,AAPL,10908.534574901954,2002-08-30,2002-11-30,3000.0,-500.0,2002-10-07,38 days 00:00:00.000000000,0.9167134165763855,0.8558064699172974,-664.405533482372
61,61,61,XOM,455.7095859658053,2002-08-30,2002-11-30,3000.0,-500.0,2002-09-03,4 days 00:00:00.000000000,21.94379997253418,20.81101417541504,-516.2213465931083
62,62,62,JPM,873.8482144412264,2002-09-30,2002-12-30,3000.0,-500.0,2002-10-03,3 days 00:00:00.000000000,11.443634986877441,10.804143905639648,-558.8181394907347
63,63,63,MSFT,710.7204115359219,2002-09-30,2002-12-30,3000.0,-500.0,2002-11-06,37 days 00:00:00.000000000,14.070230484008789,18.3453426361084,3038.4094681024553
64,64,64,PG,374.1176850041095,2002-10-31,2003-01-31,3000.0,-500.0,2002-12-02,32 days 00:00:00.000000000,26.729557037353516,25.022138595581055,-638.775434769237
65,65,65,BRK-A,0.13478905512872355,2002-10-31,2003-01-31,3000.0,-500.0,2002-12-05,35 days 00:00:00.000000000,74190.0,70400.0,-510.85051893786226
66,66,66,PG,391.46685757366083,2002-11-29,2003-02-28,3000.0,-500.0,2003-02-28,91 days 00:00:00.000000000,25.544946670532227,24.976179122924805,-222.65364455175498
67,67,67,WMT,263.4150037345194,2002-11-29,2003-02-28,3000.0,-500.0,2002-12-13,14 days 00:00:00.000000000,37.96290969848633,35.59640121459961,-623.3738411207919
68,68,68,AMZN,529.3806417738646,2002-12-31,2003-03-31,3000.0,-500.0,2003-03-14,73 days 00:00:00.000000000,18.889999389648438,24.709999084472656,3080.995173569741
69,69,69,MSFT,601.2940446786724,2002-12-31,2003-03-31,3000.0,-500.0,2003-01-28,28 days 00:00:00.000000000,16.63079833984375,15.704362869262695,-557.0601312394716
70,70,70,MSFT,655.013047776256,2003-01-31,2003-04-30,3000.0,-500.0,2003-04-30,89 days 00:00:00.000000000,15.266871452331543,16.503551483154297,810.0415561132463
71,71,71,BRK-A,0.14792899408284024,2003-01-31,2003-04-30,3000.0,-500.0,2003-02-07,7 days 00:00:00.000000000,67600.0,64200.0,-502.9585798816568
72,72,72,BRK-A,0.1620745542949757,2003-02-28,2003-05-28,3000.0,-500.0,2003-05-28,89 days 00:00:00.000000000,61700.0,72800.0,1799.0275526742303
73,73,73,PG,400.3814975374409,2003-02-28,2003-05-28,3000.0,-500.0,2003-05-28,89 days 00:00:00.000000000,24.976179122924805,28.26050567626953,1314.9835838301435
74,74,74,AAPL,11379.127474904622,2003-03-31,2003-06-30,3000.0,-500.0,2003-04-11,11 days 00:00:00.000000000,0.8788020014762878,0.8203808665275574,-664.7815418102095
75,75,75,BAC,464.9751636562908,2003-03-31,2003-06-30,3000.0,-500.0,2003-06-30,91 days 00:00:00.000000000,21.50652503967285,25.86611557006836,2027.1013203450668
76,76,76,AAPL,11315.111721548108,2003-04-30,2003-07-30,3000.0,-500.0,2003-05-12,12 days 00:00:00.000000000,0.8837738633155823,1.1535054445266724,3052.042976233311
77,77,77,XOM,452.86717783178676,2003-04-30,2003-07-30,3000.0,-500.0,2003-07-30,91 days 00:00:00.000000000,22.08152961730957,22.314664840698242,105.579290669211
78,78,78,WMT,269.0123976351817,2003-05-30,2003-08-30,3000.0,-500.0,2003-08-30,92 days 00:00:00.000000000,37.17300796508789,41.876617431640625,1265.329260136889
79,79,79,MSFT,629.5669187733815,2003-05-30,2003-08-30,3000.0,-500.0,2003-08-30,92 days 00:00:00.000000000,15.88393497467041,17.116697311401367,776.1063859155825
80,80,80,JNJ,306.2959125764837,2003-06-30,2003-09-30,3000.0,-500.0,2003-09-30,92 days 00:00:00.000000000,32.64816665649414,31.419363021850586,-376.3775306504477
81,81,81,PG,364.1671595388037,2003-06-30,2003-09-30,3000.0,-500.0,2003-09-30,92 days 00:00:00.000000000,27.459917068481445,28.87681007385254,515.9859011363901
82,82,82,XOM,444.86107933930634,2003-07-31,2003-10-31,3000.0,-500.0,2003-10-31,92 days 00:00:00.000000000,22.478927612304688,23.2700138092041,351.92345940310037
83,83,83,BRK-A,0.13886960144424385,2003-07-31,2003-10-31,3000.0,-500.0,2003-10-31,92 days 00:00:00.000000000,72010.0,77810.0,805.4436883766143
84,84,84,BAC,385.5332098539926,2003-08-29,2003-11-29,3000.0,-500.0,2003-10-27,59 days 00:00:00.000000000,25.93810272216797,24.57408332824707,-525.8747752414215
85,85,85,JPM,458.6274941010389,2003-08-29,2003-11-29,3000.0,-500.0,2003-11-29,92 days 00:00:00.000000000,21.804187774658203,22.774932861328125,445.2103865103221
86,86,86,AAPL,7765.4859904141895,2003-09-30,2003-12-30,3000.0,-500.0,2003-12-30,91 days 00:00:00.000000000,1.2877494096755981,1.3225537538528442,270.2726471139582
87,87,87,WMT,252.992038313223,2003-09-30,2003-12-30,3000.0,-500.0,2003-12-03,64 days 00:00:00.000000000,39.52693557739258,37.349395751953125,-550.900238946147
88,88,88,MSFT,589.4110217999381,2003-10-31,2004-01-31,3000.0,-500.0,2004-01-31,92 days 00:00:00.000000000,16.966089248657227,17.94615364074707,577.66075477141
89,89,89,BAC,395.32598325356884,2003-10-31,2004-01-31,3000.0,-500.0,2004-01-31,92 days 00:00:00.000000000,25.29557991027832,27.789918899536133,986.0770134960578
90,90,90,AAPL,7694.924414863961,2003-11-28,2004-02-28,3000.0,-500.0,2003-12-19,21 days 00:00:00.000000000,1.2995579242706299,1.2243562936782837,-578.6708632826253
91,91,91,MSFT,599.2688135909002,2003-11-28,2004-02-28,3000.0,-500.0,2004-02-28,92 days 00:00:00.000000000,16.687002182006836,17.21923065185547,318.94792368549037
92,92,92,WMT,265.4593214657862,2003-12-31,2004-03-31,3000.0,-500.0,2004-03-31,91 days 00:00:00.000000000,37.670555114746094,42.48085021972656,1276.9376746183082
93,93,93,AMZN,190.04181305561679,2003-12-31,2004-03-31,3000.0,-500.0,2004-01-29,29 days 00:00:00.000000000,52.619998931884766,49.220001220703125,-646.1417294179063
94,94,94,AMZN,198.4126924056797,2004-01-30,2004-04-30,3000.0,-500.0,2004-02-03,4 days 00:00:00.000000000,50.400001525878906,44.939998626708984,-1083.333875767121
95,95,95,XOM,382.7015243738201,2004-01-30,2004-04-30,3000.0,-500.0,2004-04-30,91 days 00:00:00.000000000,26.130023956298828,27.42673683166504,496.25399407780833
96,96,96,AMZN,232.50407789468437,2004-02-27,2004-05-27,3000.0,-500.0,2004-03-22,24 days 00:00:00.000000000,43.0099983215332,40.849998474121094,-502.20877277521146
97,97,97,MSFT,580.7460392501591,2004-02-27,2004-05-27,3000.0,-500.0,2004-03-11,13 days 00:00:00.000000000,17.21923065185547,16.284597396850586,-542.7845609955697
98,98,98,MSFT,618.01854687465,2004-03-31,2004-06-30,3000.0,-500.0,2004-06-30,91 days 00:00:00.000000000,16.180744171142578,18.536781311035156,1456.0746495791177
99,99,99,JNJ,307.9052473470093,2004-03-31,2004-06-30,3000.0,-500.0,2004-06-30,91 days 00:00:00.000000000,32.47752380371094,35.85239791870117,1039.1414491410874
100,100,100,JPM,406.26686602069043,2004-04-30,2004-07-30,3000.0,-500.0,2004-05-10,10 days 00:00:00.000000000,24.614362716674805,23.180707931518555,-582.4464365209959
101,101,101,AAPL,6241.305085216136,2004-04-30,2004-07-30,3000.0,-500.0,2004-06-23,54 days 00:00:00.000000000,1.6022289991378784,2.0944573879241943,3072.147546019779
102,102,102,BRK-A,0.11235955056179775,2004-05-31,2004-08-31,3000.0,-500.0,2004-08-09,70 days 00:00:00.000000000,89000.0,83750.0,-589.8876404494382
103,103,103,JPM,414.6480156467368,2004-05-31,2004-08-31,3000.0,-500.0,2004-08-31,92 days 00:00:00.000000000,24.116840362548828,26.139781951904297,838.808715795501
104,104,104,WMT,267.0084942525399,2004-06-30,2004-09-30,3000.0,-500.0,2004-09-30,92 days 00:00:00.000000000,37.45199203491211,38.04131317138672,157.353749281281
105,105,105,BRK-A,0.11242270938729623,2004-06-30,2004-09-30,3000.0,-500.0,2004-08-09,40 days 00:00:00.000000000,88950.0,83750.0,-584.5980888139404
106,106,106,AMZN,256.9373193850535,2004-07-30,2004-10-30,3000.0,-500.0,2004-08-05,6 days 00:00:00.000000000,38.91999816894531,35.61000061035156,-850.4618998761497
107,107,107,PG,298.1723431229522,2004-07-30,2004-10-30,3000.0,-500.0,2004-10-30,92 days 00:00:00.000000000,33.53765106201172,33.06984329223633,-139.4873388450508
108,108,108,MSFT,562.706565689848,2004-08-31,2004-11-30,3000.0,-500.0,2004-11-30,91 days 00:00:00.000000000,17.771251678466797,19.451284408569336,945.3654478025392
109,109,109,AMZN,262.19192868456355,2004-08-31,2004-11-30,3000.0,-500.0,2004-10-22,52 days 00:00:00.000000000,38.13999938964844,34.599998474121094,-928.1596675872349
110,110,110,PG,287.31856538003314,2004-09-30,2004-12-30,3000.0,-500.0,2004-11-01,32 days 00:00:00.000000000,34.80457305908203,32.95353317260742,-531.8381246431042
111,111,111,JNJ,274.4057380845884,2004-09-30,2004-12-30,3000.0,-500.0,2004-12-30,91 days 00:00:00.000000000,36.442386627197266,41.307586669921875,1335.0388086530174
112,112,112,AMZN,292.99735385423566,2004-10-29,2005-01-29,3000.0,-500.0,2004-12-28,60 days 00:00:00.000000000,34.130001068115234,44.630001068115234,3076.4722154694746
113,113,113,PG,302.39030501688705,2004-10-29,2005-01-29,3000.0,-500.0,2005-01-29,92 days 00:00:00.000000000,33.06984329223633,35.14583206176758,627.7588772301867
114,114,114,WMT,268.62839393844064,2004-11-30,2005-02-28,3000.0,-500.0,2005-02-28,90 days 00:00:00.000000000,37.22614669799805,36.99423599243164,-62.2978003734343
115,115,115,JPM,398.7796136579097,2004-11-30,2005-02-28,3000.0,-500.0,2005-02-28,90 days 00:00:00.000000000,25.076507568359375,24.55712890625,-207.1176222181386
116,116,116,AAPL,2498.4607642615197,2004-12-31,2005-03-31,3000.0,-500.0,2005-02-14,45 days 00:00:00.000000000,4.002464294433594,5.259759426116943,3141.3025556078696
117,117,117,MSFT,515.8365342232856,2004-12-31,2005-03-31,3000.0,-500.0,2005-02-22,53 days 00:00:00.000000000,19.385986328125,18.36142921447754,-528.5039906177192
118,118,118,JPM,398.70507240811054,2005-01-31,2005-04-30,3000.0,-500.0,2005-03-22,50 days 00:00:00.000000000,25.081195831298828,23.556034088134766,-608.0897232423076
119,119,119,PG,289.4463448709298,2005-01-31,2005-04-30,3000.0,-500.0,2005-04-30,89 days 00:00:00.000000000,34.5487174987793,35.327903747558594,225.53261168285846
120,120,120,AMZN,284.25241367973416,2005-02-28,2005-05-28,3000.0,-500.0,2005-03-22,22 days 00:00:00.000000000,35.18000030517578,33.150001525878906,-577.0320527820506
121,121,121,MSFT,546.1350400053334,2005-02-28,2005-05-28,3000.0,-500.0,2005-05-28,89 days 00:00:00.000000000,18.310489654541016,19.03292465209961,394.54706629291553
122,122,122,AAPL,1930.6557254200782,2005-03-31,2005-06-30,3000.0,-500.0,2005-04-14,14 days 00:00:00.000000000,5.179587364196777,4.6314239501953125,-1058.3148337077448
123,123,123,XOM,254.45999518732964,2005-03-31,2005-06-30,3000.0,-500.0,2005-04-15,15 days 00:00:00.000000000,39.29890823364258,37.05044174194336,-572.1447726566552
124,124,124,AAPL,2231.015851404901,2005-04-29,2005-07-29,3000.0,-500.0,2005-05-12,13 days 00:00:00.000000000,4.482263088226318,4.242363929748535,-535.2188253026308
125,125,125,WMT,295.07455657321617,2005-04-29,2005-07-29,3000.0,-500.0,2005-07-29,91 days 00:00:00.000000000,33.889739990234375,35.59214782714844,502.3372375841851
126,126,126,JNJ,227.17667140731348,2005-05-31,2005-08-31,3000.0,-500.0,2005-07-25,55 days 00:00:00.000000000,44.01860427856445,41.55198669433594,-560.3579724197829
127,127,127,XOM,268.48675802014367,2005-05-31,2005-08-31,3000.0,-500.0,2005-08-31,92 days 00:00:00.000000000,37.245784759521484,39.89244842529297,710.5941471926949
128,128,128,AAPL,2185.5591801735272,2005-06-30,2005-09-30,3000.0,-500.0,2005-09-06,68 days 00:00:00.000000000,4.575488090515137,6.0658464431762695,3257.266379406834
129,129,129,AMZN,302.20610316974944,2005-06-30,2005-09-30,3000.0,-500.0,2005-07-27,27 days 00:00:00.000000000,33.09000015258789,43.650001525878906,3191.2968644894804
130,130,130,BAC,310.85910307358523,2005-07-29,2005-10-29,3000.0,-500.0,2005-10-29,92 days 00:00:00.000000000,32.168914794921875,32.83014678955078,205.54998477389952
131,131,131,JNJ,238.3294970027891,2005-07-29,2005-10-29,3000.0,-500.0,2005-10-29,92 days 00:00:00.000000000,41.958717346191406,41.50933837890625,-107.10026323670411
132,132,132,WMT,307.4222566846375,2005-08-31,2005-11-30,3000.0,-500.0,2005-09-21,21 days 00:00:00.000000000,32.52854919433594,30.74152374267578,-549.3713971022488
133,133,133,AMZN,234.1920332863152,2005-08-31,2005-11-30,3000.0,-500.0,2005-10-26,56 days 00:00:00.000000000,42.70000076293945,39.75,-690.8666768689716
134,134,134,MSFT,530.7736291290537,2005-09-30,2005-12-30,3000.0,-500.0,2005-10-11,11 days 00:00:00.000000000,18.840423583984375,17.87387466430664,-513.0186778281172
135,135,135,WMT,315.41994226413533,2005-09-30,2005-12-30,3000.0,-500.0,2005-12-30,91 days 00:00:00.000000000,31.703765869140625,33.962772369384766,712.5356998813132
136,136,136,AMZN,250.87806941485647,2005-10-31,2006-01-31,3000.0,-500.0,2006-01-31,92 days 00:00:00.000000000,39.86000061035156,44.81999969482422,1244.3549946119556
137,137,137,XOM,267.46298284728744,2005-10-31,2006-01-31,3000.0,-500.0,2006-01-31,92 days 00:00:00.000000000,37.38835144042969,42.003849029541016,1234.4747525081796
138,138,138,JNJ,244.31178084111906,2005-11-30,2006-02-28,3000.0,-500.0,2006-01-25,56 days 00:00:00.000000000,40.931304931640625,38.77702713012695,-526.315446114296
139,139,139,PG,265.29955246690713,2005-11-30,2006-02-28,3000.0,-500.0,2006-02-28,90 days 00:00:00.000000000,37.693241119384766,39.68862533569336,529.3745395862002
140,140,140,MSFT,520.7222502469838,2005-12-30,2006-03-30,3000.0,-500.0,2006-03-30,90 days 00:00:00.000000000,19.2040958404541,20.06499671936035,448.29024290366857
141,141,141,WMT,294.44003838197705,2005-12-30,2006-03-30,3000.0,-500.0,2006-03-30,90 days 00:00:00.000000000,33.962772369384766,34.71494674682617,221.47025256378734
142,142,142,AMZN,223.1146824651762,2006-01-31,2006-04-30,3000.0,-500.0,2006-02-03,3 days 00:00:00.000000000,44.81999969482422,38.33000183105469,-1448.013812574611
143,143,143,JNJ,262.1871822289131,2006-01-31,2006-04-30,3000.0,-500.0,2006-04-30,89 days 00:00:00.000000000,38.140689849853516,39.06999206542969,243.65112934100247
144,144,144,AMZN,267.0940268909676,2006-02-28,2006-05-28,3000.0,-500.0,2006-03-24,24 days 00:00:00.000000000,37.439998626708984,35.470001220703125,-526.1745401348654
145,145,145,AAPL,1174.6301415469559,2006-02-28,2006-05-28,3000.0,-500.0,2006-03-09,9 days 00:00:00.000000000,8.513318061828613,7.946506977081299,-665.7933847071216
146,146,146,AAPL,1282.6918208542745,2006-03-31,2006-06-30,3000.0,-500.0,2006-06-07,68 days 00:00:00.000000000,7.796104907989502,7.279014587402344,-663.2675248600625
147,147,147,PG,262.0171051159923,2006-03-31,2006-06-30,3000.0,-500.0,2006-05-19,49 days 00:00:00.000000000,38.16544723510742,36.059879302978516,-551.6948142014821
148,148,148,MSFT,561.9420510121727,2006-04-28,2006-07-28,3000.0,-500.0,2006-05-17,19 days 00:00:00.000000000,17.795429229736328,16.81438636779785,-551.2892379685593
149,149,149,WMT,304.88461571563516,2006-04-28,2006-07-28,3000.0,-500.0,2006-07-28,91 days 00:00:00.000000000,32.799293518066406,32.497684478759766,-91.95595604536703
150,150,150,AAPL,1346.000438108396,2006-05-31,2006-08-31,3000.0,-500.0,2006-06-28,28 days 00:00:00.000000000,7.429418087005615,6.963292598724365,-627.4051114400526
151,151,151,PG,276.80541395842914,2006-05-31,2006-08-31,3000.0,-500.0,2006-08-31,92 days 00:00:00.000000000,36.126461029052734,41.451019287109375,1473.8665527671408
152,152,152,AAPL,1404.7567900532476,2006-06-30,2006-09-30,3000.0,-500.0,2006-07-12,12 days 00:00:00.000000000,7.1186699867248535,6.582935333251953,-752.5768921328805
153,153,153,JPM,338.3387272158209,2006-06-30,2006-09-30,3000.0,-500.0,2006-09-30,92 days 00:00:00.000000000,29.55617904663086,33.316322326660156,1272.2020915142343
154,154,154,AMZN,371.8854677196309,2006-07-31,2006-10-31,3000.0,-500.0,2006-10-25,86 days 00:00:00.000000000,26.889999389648438,37.68000030517578,4012.644537166132
155,155,155,WMT,307.4376156509089,2006-07-31,2006-10-31,3000.0,-500.0,2006-10-31,92 days 00:00:00.000000000,32.52692413330078,36.15717315673828,1116.0751039846655
156,156,156,AAPL,1185.7104039027342,2006-08-31,2006-11-30,3000.0,-500.0,2006-11-21,82 days 00:00:00.000000000,8.433762550354004,11.012992858886719,3058.220210888499
157,157,157,JPM,308.6989504584252,2006-08-31,2006-11-30,3000.0,-500.0,2006-11-30,91 days 00:00:00.000000000,32.394020080566406,33.06935119628906,208.47400663550127
158,158,158,XOM,219.3368404045529,2006-09-29,2006-12-29,3000.0,-500.0,2006-12-29,91 days 00:00:00.000000000,45.591976165771484,52.29297637939453,1469.776214406313
159,159,159,BRK-A,0.10438413361169102,2006-09-29,2006-12-29,3000.0,-500.0,2006-12-29,91 days 00:00:00.000000000,95800.0,109990.0,1481.2108559498956
160,160,160,WMT,276.5702937187829,2006-10-31,2007-01-31,3000.0,-500.0,2006-11-09,9 days 00:00:00.000000000,36.15717315673828,34.03676223754883,-586.4426707247416
161,161,161,BAC,238.25849097623595,2006-10-31,2007-01-31,3000.0,-500.0,2007-01-31,92 days 00:00:00.000000000,41.971221923828125,41.39328384399414,-137.6986547789485
162,162,162,WMT,295.64834916965066,2006-11-30,2007-02-28,3000.0,-500.0,2007-02-28,90 days 00:00:00.000000000,33.82396697998047,35.57640075683594,518.1041531564553
163,163,163,JPM,302.3948048040981,2006-11-30,2007-02-28,3000.0,-500.0,2007-02-28,90 days 00:00:00.000000000,33.06935119628906,35.541786193847656,747.6514984775517
164,164,164,AAPL,948.2605585930552,2006-12-29,2007-03-29,3000.0,-500.0,2007-03-29,90 days 00:00:00.000000000,10.545624732971191,11.65313720703125,1050.2103973009678
165,165,165,AMZN,253.42119189087762,2006-12-29,2007-03-29,3000.0,-500.0,2007-01-10,12 days 00:00:00.000000000,39.459999084472656,37.150001525878906,-585.4023345638456
166,166,166,AMZN,265.46324624575846,2007-01-31,2007-04-30,3000.0,-500.0,2007-04-25,84 days 00:00:00.000000000,37.66999816894531,56.810001373291016,5080.967383779829
167,167,167,XOM,197.75940966691846,2007-01-31,2007-04-30,3000.0,-500.0,2007-03-02,30 days 00:00:00.000000000,50.56649398803711,47.97890090942383,-511.7208796847666
168,168,168,MSFT,474.8424642596563,2007-02-28,2007-05-28,3000.0,-500.0,2007-03-13,13 days 00:00:00.000000000,21.059616088867188,19.975603103637695,-514.7353971958385
169,169,169,JNJ,232.8644196164538,2007-02-28,2007-05-28,3000.0,-500.0,2007-05-28,89 days 00:00:00.000000000,42.943443298339844,43.40314483642578,107.04813186317297
170,170,170,JNJ,243.18202732829278,2007-03-30,2007-06-30,3000.0,-500.0,2007-06-30,92 days 00:00:00.000000000,41.1214599609375,42.324764251708984,292.62197692264306
171,171,171,WMT,287.8495711915005,2007-03-30,2007-06-30,3000.0,-500.0,2007-06-30,92 days 00:00:00.000000000,34.7403678894043,35.76394271850586,294.63557563929817
172,172,172,BAC,246.80778388275803,2007-04-30,2007-07-30,3000.0,-500.0,2007-07-24,85 days 00:00:00.000000000,40.51736068725586,37.94741439819336,-634.2827483012335
173,173,173,BRK-A,0.09157509157509157,2007-04-30,2007-07-30,3000.0,-500.0,2007-07-30,91 days 00:00:00.000000000,109200.0,109650.0,41.208791208791204
174,174,174,PG,231.42149992460864,2007-05-31,2007-08-31,3000.0,-500.0,2007-08-31,92 days 00:00:00.000000000,43.21119689941406,44.65727996826172,334.6547128083057
175,175,175,JNJ,230.1067240365163,2007-05-31,2007-08-31,3000.0,-500.0,2007-07-27,57 days 00:00:00.000000000,43.45809555053711,41.05406188964844,-553.1843101806056
176,176,176,JPM,284.7962060778846,2007-06-29,2007-09-29,3000.0,-500.0,2007-07-24,25 days 00:00:00.000000000,35.11282730102539,33.11497116088867,-568.9818490003441
177,177,177,MSFT,452.4304996740234,2007-06-29,2007-09-29,3000.0,-500.0,2007-08-16,48 days 00:00:00.000000000,22.102842330932617,20.93093490600586,-530.2066618313111
178,178,178,JPM,311.1042120308883,2007-07-31,2007-10-31,3000.0,-500.0,2007-10-31,92 days 00:00:00.000000000,32.14356994628906,34.606224060058594,766.1420675688955
179,179,179,WMT,292.75511933938907,2007-07-31,2007-10-31,3000.0,-500.0,2007-08-15,15 days 00:00:00.000000000,34.158241271972656,32.33574676513672,-533.5445968441359
180,180,180,WMT,306.77425485443484,2007-08-31,2007-11-30,3000.0,-500.0,2007-11-30,91 days 00:00:00.000000000,32.597259521484375,35.78750228881836,978.6843477536332
181,181,181,MSFT,462.46294720806856,2007-08-31,2007-11-30,3000.0,-500.0,2007-11-30,91 days 00:00:00.000000000,21.623353958129883,25.37232780456543,1733.761494028552
182,182,182,BRK-A,0.0843810648890389,2007-09-28,2007-12-28,3000.0,-500.0,2007-12-28,91 days 00:00:00.000000000,118510.0,141100.0,1906.1682558433888
183,183,183,WMT,306.6336261323567,2007-09-28,2007-12-28,3000.0,-500.0,2007-12-28,91 days 00:00:00.000000000,32.61220932006836,36.08390808105469,1064.5395799204477
184,184,184,AMZN,112.17049723882674,2007-10-31,2008-01-31,3000.0,-500.0,2007-11-05,5 days 00:00:00.000000000,89.1500015258789,84.37000274658203,-536.1748398747153
185,185,185,BAC,254.13018258336152,2007-10-31,2008-01-31,3000.0,-500.0,2007-11-01,1 days 00:00:00.000000000,39.349910736083984,37.255252838134766,-532.3157940555152
186,186,186,MSFT,394.1301750878619,2007-11-30,2008-02-29,3000.0,-500.0,2008-02-01,63 days 00:00:00.000000000,25.37232780456543,22.993671417236328,-937.5002584118799
187,187,187,BAC,265.9746736396274,2007-11-30,2008-02-29,3000.0,-500.0,2007-12-13,13 days 00:00:00.000000000,37.597564697265625,35.59680938720703,-532.150240625586
188,188,188,BAC,293.1115585874819,2007-12-31,2008-03-31,3000.0,-500.0,2008-01-08,8 days 00:00:00.000000000,34.116703033447266,31.760128021240234,-690.7393747563171
189,189,189,JPM,311.14254060968955,2007-12-31,2008-03-31,3000.0,-500.0,2008-01-04,4 days 00:00:00.000000000,32.139610290527344,30.401538848876953,-540.7879641162483
190,190,190,AAPL,594.3442480318911,2008-01-31,2008-04-30,3000.0,-500.0,2008-02-06,6 days 00:00:00.000000000,16.825265884399414,15.164618492126465,-986.9962256065869
191,191,191,AMZN,128.70013375497604,2008-01-31,2008-04-30,3000.0,-500.0,2008-02-05,5 days 00:00:00.000000000,77.69999694824219,72.08999633789062,-722.0078289177433
192,192,192,MSFT,484.98209280806805,2008-02-29,2008-05-29,3000.0,-500.0,2008-05-29,90 days 00:00:00.000000000,20.61931800842285,21.53976821899414,446.4018694484907
193,193,193,JPM,331.19643676782783,2008-02-29,2008-05-29,3000.0,-500.0,2008-03-06,6 days 00:00:00.000000000,30.193561553955078,27.75727081298828,-806.8908123386542
194,194,194,BRK-A,0.07496251874062969,2008-03-31,2008-06-30,3000.0,-500.0,2008-05-09,39 days 00:00:00.000000000,133400.0,125200.0,-614.6926536731635
195,195,195,BAC,313.7480755336906,2008-03-31,2008-06-30,3000.0,-500.0,2008-04-14,14 days 00:00:00.000000000,31.872705459594727,29.913755416870117,-614.6168059714872
196,196,196,PG,214.71880080388496,2008-04-30,2008-07-30,3000.0,-500.0,2008-06-20,51 days 00:00:00.000000000,46.572540283203125,43.870582580566406,-580.1611177329762
197,197,197,BAC,316.840452465532,2008-04-30,2008-07-30,3000.0,-500.0,2008-05-20,20 days 00:00:00.000000000,31.561626434326172,29.75401496887207,-572.7244345963609
198,198,198,JPM,310.5648120296476,2008-05-30,2008-08-30,3000.0,-500.0,2008-06-06,7 days 00:00:00.000000000,32.199398040771484,30.020322799682617,-676.744092647223
199,199,199,BAC,349.7264260282996,2008-05-30,2008-08-30,3000.0,-500.0,2008-06-06,7 days 00:00:00.000000000,28.593778610229492,26.14510726928711,-856.3650765857035
200,200,200,BAC,488.7163868127263,2008-06-30,2008-09-30,3000.0,-500.0,2008-07-02,2 days 00:00:00.000000000,20.46176528930664,19.321664810180664,-557.1857867619053
201,201,201,JPM,389.22417524234083,2008-06-30,2008-09-30,3000.0,-500.0,2008-07-14,14 days 00:00:00.000000000,25.692134857177734,23.9959774017334,-660.1854866764692
202,202,202,XOM,177.6628949853729,2008-07-31,2008-10-31,3000.0,-500.0,2008-09-05,36 days 00:00:00.000000000,56.286373138427734,53.19053649902344,-550.0152997583554
203,203,203,MSFT,511.0082746638287,2008-07-31,2008-10-31,3000.0,-500.0,2008-10-07,68 days 00:00:00.000000000,19.569154739379883,17.74512481689453,-932.0943836244367
204,204,204,JPM,343.1118859609512,2008-08-29,2008-11-29,3000.0,-500.0,2008-09-17,19 days 00:00:00.000000000,29.14501190185547,27.085399627685547,-706.6774517387656
205,205,205,BAC,374.61986966960103,2008-08-29,2008-11-29,3000.0,-500.0,2008-09-15,17 days 00:00:00.000000000,26.6937255859375,23.214426040649414,-1303.4147421973248
206,206,206,AAPL,707.816454388873,2008-09-30,2008-12-30,3000.0,-500.0,2008-10-02,2 days 00:00:00.000000000,14.12795639038086,12.442442893981934,-1193.03418684568
207,207,207,AMZN,137.4381487960478,2008-09-30,2008-12-30,3000.0,-500.0,2008-10-02,2 days 00:00:00.000000000,72.76000213623047,67.36000061035156,-742.1662132126304
208,208,208,BAC,473.1837738745315,2008-10-31,2009-01-31,3000.0,-500.0,2008-11-05,5 days 00:00:00.000000000,21.133438110351562,19.017465591430664,-1001.2438619177892
209,209,209,AMZN,174.7029997688123,2008-10-31,2009-01-31,3000.0,-500.0,2008-11-05,5 days 00:00:00.000000000,57.2400016784668,51.97999954223633,-918.9381519898238
210,210,210,BAC,703.8063802186548,2008-11-28,2009-02-28,3000.0,-500.0,2008-12-01,3 days 00:00:00.000000000,14.208453178405762,11.235607147216797,-2092.3080041584994
211,211,211,AMZN,234.1920332863152,2008-11-28,2009-02-28,3000.0,-500.0,2008-12-01,3 days 00:00:00.000000000,42.70000076293945,40.470001220703125,-522.2481270238778
212,212,212,BAC,794.1881607056757,2008-12-31,2009-03-31,3000.0,-500.0,2009-01-09,9 days 00:00:00.000000000,12.591474533081055,11.616705894470215,-774.1497122119184
213,213,213,AAPL,942.594365644912,2008-12-31,2009-03-31,3000.0,-500.0,2009-01-20,20 days 00:00:00.000000000,10.609017372131348,9.720270156860352,-837.7281175970467
214,214,214,BAC,1699.4181393619597,2009-01-30,2009-04-30,3000.0,-500.0,2009-02-02,3 days 00:00:00.000000000,5.884366989135742,5.365684509277344,-881.4584148406066
215,215,215,JPM,507.53896053293295,2009-01-30,2009-04-30,3000.0,-500.0,2009-02-03,4 days 00:00:00.000000000,19.70292091369629,18.575275421142578,-572.3240211403577
216,216,216,BAC,2830.929489991763,2009-02-27,2009-05-27,3000.0,-500.0,2009-03-02,3 days 00:00:00.000000000,3.5324087142944336,3.24623966217041,-810.124408780888
217,217,217,PG,293.076298288402,2009-02-27,2009-05-27,3000.0,-500.0,2009-03-05,6 days 00:00:00.000000000,34.12080764770508,32.15871047973633,-575.0441748704382
218,218,218,PG,299.7978962546306,2009-03-31,2009-06-30,3000.0,-500.0,2009-06-30,91 days 00:00:00.000000000,33.355804443359375,36.50893783569336,945.3027576319553
219,219,219,XOM,206.52945832185046,2009-03-31,2009-06-30,3000.0,-500.0,2009-06-30,91 days 00:00:00.000000000,48.41924285888672,50.0027961730957,327.0504082073526
220,220,220,XOM,210.95923504744417,2009-04-30,2009-07-30,3000.0,-500.0,2009-07-30,91 days 00:00:00.000000000,47.402523040771484,50.5821418762207,670.7699572688124
221,221,221,WMT,258.3833339280114,2009-04-30,2009-07-30,3000.0,-500.0,2009-07-10,71 days 00:00:00.000000000,38.702186584472656,36.72600173950195,-510.6132287015406
222,222,222,AMZN,128.22157037967463,2009-05-29,2009-08-29,3000.0,-500.0,2009-08-29,92 days 00:00:00.000000000,77.98999786376953,82.76000213623047,611.6174385326988
223,223,223,BRK-A,0.1091703056768559,2009-05-29,2009-08-29,3000.0,-500.0,2009-06-22,24 days 00:00:00.000000000,91600.0,86510.0,-555.6768558951966
224,224,224,JPM,378.9010519496578,2009-06-30,2009-09-30,3000.0,-500.0,2009-07-02,2 days 00:00:00.000000000,26.392114639282227,25.00510025024414,-525.5412110758427
225,225,225,WMT,267.39627790958343,2009-06-30,2009-09-30,3000.0,-500.0,2009-09-30,92 days 00:00:00.000000000,37.39767837524414,38.10740280151367,189.77766992598723
226,226,226,MSFT,545.611592248246,2009-07-31,2009-10-31,3000.0,-500.0,2009-10-31,92 days 00:00:00.000000000,18.32805633544922,21.730213165283203,1856.256205003965
227,227,227,XOM,198.6250723692979,2009-07-31,2009-10-31,3000.0,-500.0,2009-10-31,92 days 00:00:00.000000000,50.34611129760742,51.57473373413086,244.0352203690109
228,228,228,AMZN,123.16787411377241,2009-08-31,2009-11-30,3000.0,-500.0,2009-10-23,53 days 00:00:00.000000000,81.19000244140625,118.48999786376953,4594.161140625928
229,229,229,PG,256.61768679140965,2009-08-31,2009-11-30,3000.0,-500.0,2009-11-30,91 days 00:00:00.000000000,38.968475341796875,45.24516296386719,1610.7090582879573
230,230,230,BAC,658.0964059871199,2009-09-30,2009-12-30,3000.0,-500.0,2009-10-26,26 days 00:00:00.000000000,15.195342063903809,13.830272674560547,-898.3472590498329
231,231,231,WMT,262.4162043287502,2009-09-30,2009-12-30,3000.0,-500.0,2009-12-30,91 days 00:00:00.000000000,38.10740280151367,42.3643798828125,1117.09976758892
232,232,232,BAC,763.716976004856,2009-10-30,2010-01-30,3000.0,-500.0,2010-01-30,92 days 00:00:00.000000000,13.093855857849121,13.641276359558105,418.0743301682466
233,233,233,JPM,308.5891332702368,2009-10-30,2010-01-30,3000.0,-500.0,2010-01-22,84 days 00:00:00.000000000,32.405548095703125,30.417173385620117,-613.5908284009738
234,234,234,BRK-A,0.09940357852882704,2009-11-30,2010-02-28,3000.0,-500.0,2010-02-28,90 days 00:00:00.000000000,100600.0,119800.0,1908.5487077534792
235,235,235,JPM,303.36014782882205,2009-11-30,2010-02-28,3000.0,-500.0,2009-12-17,17 days 00:00:00.000000000,32.96411895751953,31.241825103759766,-522.4753180812341
236,236,236,XOM,202.609193126263,2009-12-31,2010-03-31,3000.0,-500.0,2010-01-29,29 days 00:00:00.000000000,49.356101989746094,46.63460159301758,-551.4009994739691
237,237,237,BAC,738.910243816365,2009-12-31,2010-03-31,3000.0,-500.0,2010-03-31,90 days 00:00:00.000000000,13.533443450927734,16.050382614135742,1859.7921307569868
238,238,238,MSFT,450.84720023327986,2010-01-29,2010-04-29,3000.0,-500.0,2010-04-29,90 days 00:00:00.000000000,22.180463790893555,24.514177322387695,1052.1482118206534
239,239,239,AMZN,79.73845552977477,2010-01-29,2010-04-29,3000.0,-500.0,2010-02-01,3 days 00:00:00.000000000,125.41000366210938,118.87000274658203,-521.4895721674634
240,240,240,MSFT,441.0792395158836,2010-02-26,2010-05-26,3000.0,-500.0,2010-05-20,83 days 00:00:00.000000000,22.671663284301758,21.53478240966797,-501.4545516036243
241,241,241,AMZN,84.45945837098897,2010-02-26,2010-05-26,3000.0,-500.0,2010-05-26,89 days 00:00:00.000000000,118.4000015258789,123.20999908447266,406.2497885646074
242,242,242,PG,216.2515679938044,2010-03-31,2010-06-30,3000.0,-500.0,2010-06-30,91 days 00:00:00.000000000,46.24243927001953,44.17509078979492,-447.0673504381803
243,243,243,BRK-A,0.08210180623973727,2010-03-31,2010-06-30,3000.0,-500.0,2010-04-27,27 days 00:00:00.000000000,121800.0,114950.0,-562.3973727422003
244,244,244,BRK-A,0.08671146759158899,2010-04-30,2010-07-30,3000.0,-500.0,2010-05-20,20 days 00:00:00.000000000,115325.0,108650.0,-578.7990461738565
245,245,245,JPM,302.0178108754938,2010-04-30,2010-07-30,3000.0,-500.0,2010-05-14,14 days 00:00:00.000000000,33.11063003540039,31.018848419189453,-631.7553045576296
246,246,246,MSFT,487.94325396264037,2010-05-31,2010-08-31,3000.0,-500.0,2010-06-28,28 days 00:00:00.000000000,20.494186401367188,19.310611724853516,-577.5172789658606
247,247,247,BAC,706.5584150735552,2010-05-31,2010-08-31,3000.0,-500.0,2010-06-07,7 days 00:00:00.000000000,14.153111457824707,13.343500137329102,-572.0376914349831
248,248,248,AMZN,91.52480143219779,2010-06-30,2010-09-30,3000.0,-500.0,2010-09-10,72 days 00:00:00.000000000,109.26000213623047,142.44000244140625,3036.7929394514754
249,249,249,MSFT,547.1071270291194,2010-06-30,2010-09-30,3000.0,-500.0,2010-09-30,92 days 00:00:00.000000000,18.277956008911133,19.557363510131836,699.9729622923635
250,250,250,BRK-A,0.08547008547008547,2010-07-30,2010-10-30,3000.0,-500.0,2010-10-30,92 days 00:00:00.000000000,117000.0,119300.0,196.5811965811966
251,251,251,BAC,791.597490262962,2010-07-30,2010-10-30,3000.0,-500.0,2010-08-11,12 days 00:00:00.000000000,12.632682800292969,11.86788558959961,-605.411552544977
252,252,252,BAC,891.9762745553223,2010-08-31,2010-11-30,3000.0,-500.0,2010-10-19,49 days 00:00:00.000000000,11.211060523986816,10.625740051269531,-522.0919746753242
253,253,253,JPM,353.20009779076804,2010-08-31,2010-11-30,3000.0,-500.0,2010-11-30,91 days 00:00:00.000000000,28.312562942504883,29.159948348999023,299.2966084402002
254,254,254,PG,224.65214114287699,2010-09-30,2010-12-30,3000.0,-500.0,2010-12-30,91 days 00:00:00.000000000,44.51326370239258,48.07902908325195,801.0568276232049
255,255,255,MSFT,511.31636402930417,2010-09-30,2010-12-30,3000.0,-500.0,2010-12-30,91 days 00:00:00.000000000,19.557363510131836,22.37726402282715,1441.861277075738
256,256,256,BAC,969.8782370750778,2010-10-29,2011-01-29,3000.0,-500.0,2011-01-12,75 days 00:00:00.000000000,10.310572624206543,13.510632514953613,3103.6684453724347
257,257,257,BRK-A,0.08382229673093043,2010-10-29,2011-01-29,3000.0,-500.0,2011-01-29,92 days 00:00:00.000000000,119300.0,122624.0,278.6253143336128
258,258,258,MSFT,492.7025168343096,2010-11-30,2011-02-28,3000.0,-500.0,2011-02-28,90 days 00:00:00.000000000,20.296222686767578,21.48306655883789,584.7609628584204
259,259,259,BAC,1014.1649766754126,2010-11-30,2011-02-28,3000.0,-500.0,2011-01-04,35 days 00:00:00.000000000,9.860328674316406,12.834650993347168,3016.4535253049917
260,260,260,BRK-A,0.08302200083022,2010-12-31,2011-03-31,3000.0,-500.0,2011-03-31,90 days 00:00:00.000000000,120450.0,125300.0,402.656704026567
261,261,261,WMT,232.32147327887412,2010-12-31,2011-03-31,3000.0,-500.0,2011-03-31,90 days 00:00:00.000000000,43.04380416870117,41.83446502685547,-280.9554511274031
262,262,262,AMZN,58.94836144764928,2011-01-31,2011-04-30,3000.0,-500.0,2011-03-17,45 days 00:00:00.000000000,169.63999938964844,160.97000122070312,-511.08218581344573
263,263,263,JNJ,218.4313627787605,2011-01-31,2011-04-30,3000.0,-500.0,2011-04-30,89 days 00:00:00.000000000,45.78097152709961,50.79364013671875,1094.9240355574234
264,264,264,WMT,241.03699310617503,2011-02-28,2011-05-28,3000.0,-500.0,2011-05-28,89 days 00:00:00.000000000,41.48740768432617,44.25525665283203,667.1539927406805
265,265,265,MSFT,465.4828942884838,2011-02-28,2011-05-28,3000.0,-500.0,2011-03-16,16 days 00:00:00.000000000,21.48306655883789,20.036306381225586,-673.4421148162965
266,266,266,BAC,831.7329154531993,2011-03-31,2011-06-30,3000.0,-500.0,2011-04-18,18 days 00:00:00.000000000,12.023090362548828,11.202309608459473,-682.6703695466151
267,267,267,BRK-A,0.07980845969672785,2011-03-31,2011-06-30,3000.0,-500.0,2011-05-17,47 days 00:00:00.000000000,125300.0,118334.0,-555.9457302474062
268,268,268,BAC,902.8499663382345,2011-04-29,2011-07-29,3000.0,-500.0,2011-05-20,21 days 00:00:00.000000000,11.076037406921387,10.444665908813477,-570.0337358136474
269,269,269,BRK-A,0.08016032064128256,2011-04-29,2011-07-29,3000.0,-500.0,2011-05-17,18 days 00:00:00.000000000,124750.0,118334.0,-514.3086172344689
270,270,270,JPM,294.6807640044857,2011-05-31,2011-08-31,3000.0,-500.0,2011-06-06,6 days 00:00:00.000000000,33.935028076171875,31.808202743530273,-626.7345139269215
271,271,271,BRK-A,0.08419280151547043,2011-05-31,2011-08-31,3000.0,-500.0,2011-06-07,7 days 00:00:00.000000000,118775.0,112120.0,-560.3030940854557
272,272,272,BAC,1010.7266130138415,2011-06-30,2011-09-30,3000.0,-500.0,2011-07-11,11 days 00:00:00.000000000,9.893872261047363,9.34321117401123,-556.5678154185507
273,273,273,JPM,311.23570586288173,2011-06-30,2011-09-30,3000.0,-500.0,2011-08-04,35 days 00:00:00.000000000,32.12998962402344,29.942699432373047,-680.7628067252672
274,274,274,BAC,1140.8406924101894,2011-07-29,2011-10-29,3000.0,-500.0,2011-08-04,6 days 00:00:00.000000000,8.76546573638916,7.971063613891602,-906.2862674822388
275,275,275,BRK-A,0.08968609865470852,2011-07-29,2011-10-29,3000.0,-500.0,2011-08-08,10 days 00:00:00.000000000,111500.0,101000.0,-941.7040358744395
276,276,276,BAC,1354.2132675127057,2011-08-31,2011-11-30,3000.0,-500.0,2011-09-02,2 days 00:00:00.000000000,7.384361267089844,6.552831172943115,-1126.069085829589
277,277,277,JPM,337.17219816223763,2011-08-31,2011-11-30,3000.0,-500.0,2011-09-02,2 days 00:00:00.000000000,29.658435821533203,27.34481430053711,-780.0888539497125
278,278,278,BAC,1807.8305889833427,2011-09-30,2011-12-30,3000.0,-500.0,2011-10-03,3 days 00:00:00.000000000,5.531491756439209,4.998228073120117,-964.0503986981805
279,279,279,JPM,420.45779703621395,2011-09-30,2011-12-30,3000.0,-500.0,2011-12-30,91 days 00:00:00.000000000,23.783599853515625,26.48626136779785,1136.355106429663
280,280,280,AMZN,46.83621496547709,2011-10-31,2012-01-31,3000.0,-500.0,2011-11-18,18 days 00:00:00.000000000,213.50999450683594,197.13999938964844,-766.708610292404
281,281,281,JNJ,197.45467081937315,2011-10-31,2012-01-31,3000.0,-500.0,2012-01-31,92 days 00:00:00.000000000,50.644535064697266,52.32115936279297,331.05729886824963
282,282,282,BAC,2029.805686083153,2011-11-30,2012-02-29,3000.0,-500.0,2011-12-19,19 days 00:00:00.000000000,4.92657995223999,4.519050598144531,-827.2054001887573
283,283,283,JPM,405.3497181970238,2011-11-30,2012-02-29,3000.0,-500.0,2012-02-29,91 days 00:00:00.000000000,24.670055389404297,31.482778549194336,2761.5354129752295
284,284,284,AMZN,57.77007306412164,2011-12-30,2012-03-30,3000.0,-500.0,2012-03-30,91 days 00:00:00.000000000,173.10000610351562,202.50999450683594,1699.0171788747846
285,285,285,BRK-A,0.08714217245435929,2011-12-30,2012-03-30,3000.0,-500.0,2012-03-30,91 days 00:00:00.000000000,114755.0,121900.0,622.6308221863972
286,286,286,PG,203.79159777902112,2012-01-31,2012-04-30,3000.0,-500.0,2012-04-30,90 days 00:00:00.000000000,49.06973648071289,49.95580291748047,180.57289488722873
287,287,287,XOM,156.92185483902347,2012-01-31,2012-04-30,3000.0,-500.0,2012-04-30,90 days 00:00:00.000000000,63.72598648071289,66.06419372558594,366.9158178635213
288,288,288,AMZN,55.65139887657814,2012-02-29,2012-05-29,3000.0,-500.0,2012-05-29,90 days 00:00:00.000000000,179.69000244140625,214.75,1951.1379087451567
289,289,289,WMT,206.4173443987846,2012-02-29,2012-05-29,3000.0,-500.0,2012-05-29,90 days 00:00:00.000000000,48.44554138183594,54.58592987060547,1267.4826854286728
290,290,290,PG,191.1475268305374,2012-03-30,2012-06-30,3000.0,-500.0,2012-05-22,53 days 00:00:00.000000000,52.31561279296875,49.571170806884766,-524.5932981698418
291,291,291,XOM,150.6872449855322,2012-03-30,2012-06-30,3000.0,-500.0,2012-04-10,11 days 00:00:00.000000000,66.36261749267578,62.87347412109375,-525.7694020232274
292,292,292,BAC,1359.8695968554468,2012-04-30,2012-07-30,3000.0,-500.0,2012-05-10,10 days 00:00:00.000000000,7.353646278381348,6.981884956359863,-505.54691910380393
293,293,293,JPM,288.1084486343028,2012-04-30,2012-07-30,3000.0,-500.0,2012-05-09,9 days 00:00:00.000000000,34.70915222167969,32.81944274902344,-544.4412645365387
294,294,294,JPM,373.5414858912724,2012-05-31,2012-08-31,3000.0,-500.0,2012-06-04,4 days 00:00:00.000000000,26.770788192749023,25.034517288208008,-648.5692135920345
295,295,295,BAC,1498.4653454451814,2012-05-31,2012-08-31,3000.0,-500.0,2012-06-04,4 days 00:00:00.000000000,6.673494338989258,6.264913082122803,-612.244854212819
296,296,296,PG,207.98790207088174,2012-06-29,2012-09-29,3000.0,-500.0,2012-09-29,92 days 00:00:00.000000000,48.07971954345703,54.918148040771484,1422.3103966181654
297,297,297,AAPL,137.75758209546612,2012-06-29,2012-09-29,3000.0,-500.0,2012-09-29,92 days 00:00:00.000000000,72.5912857055664,83.2766342163086,1471.9877746872335
298,298,298,BAC,1500.506607868052,2012-07-31,2012-10-31,3000.0,-500.0,2012-09-14,45 days 00:00:00.000000000,6.6644158363342285,8.681856155395508,3027.1825297308806
299,299,299,MSFT,406.032339748502,2012-07-31,2012-10-31,3000.0,-500.0,2012-10-31,92 days 00:00:00.000000000,24.62858009338379,24.00936508178711,-251.42131996599565
300,300,300,WMT,164.8441066647215,2012-08-31,2012-11-30,3000.0,-500.0,2012-11-15,76 days 00:00:00.000000000,60.66337585449219,57.421302795410156,-534.4366371661383
301,301,301,JNJ,181.746317377585,2012-08-31,2012-11-30,3000.0,-500.0,2012-11-30,91 days 00:00:00.000000000,55.02174758911133,57.40167999267578,432.5439499554238
302,302,302,MSFT,399.4295865630122,2012-09-28,2012-12-28,3000.0,-500.0,2012-10-22,24 days 00:00:00.000000000,25.035701751708984,23.555095672607422,-591.3978740382197
303,303,303,AAPL,120.08170231790703,2012-09-28,2012-12-28,3000.0,-500.0,2012-10-11,13 days 00:00:00.000000000,83.2766342163086,78.40812683105469,-584.6186545685915
304,304,304,AAPL,134.56039757078403,2012-10-31,2013-01-31,3000.0,-500.0,2012-11-07,7 days 00:00:00.000000000,74.31607055664062,69.9754409790039,-584.0768416743012
305,305,305,AMZN,42.93872654990648,2012-10-31,2013-01-31,3000.0,-500.0,2012-11-15,15 days 00:00:00.000000000,232.88999938964844,220.60000610351562,-527.7166610134434
306,306,306,MSFT,442.9054145095688,2012-11-30,2013-02-28,3000.0,-500.0,2013-02-28,90 days 00:00:00.000000000,22.578184127807617,23.77423858642578,529.7389957702959
307,307,307,WMT,166.17166892977608,2012-11-30,2013-02-28,3000.0,-500.0,2012-12-26,26 days 00:00:00.000000000,60.17873001098633,57.126590728759766,-507.17907833371675
308,308,308,AAPL,149.84364802153272,2012-12-31,2013-03-31,3000.0,-500.0,2013-01-14,14 days 00:00:00.000000000,66.7362289428711,62.921451568603516,-571.6201581502578
309,309,309,WMT,174.43405616273023,2012-12-31,2013-03-31,3000.0,-500.0,2013-03-31,90 days 00:00:00.000000000,57.32825469970703,63.27933883666992,1038.071744576118
310,310,310,AAPL,175.0692128583817,2013-01-31,2013-04-30,3000.0,-500.0,2013-03-04,32 days 00:00:00.000000000,57.12026596069336,52.98292922973633,-724.3202848187176
311,311,311,BAC,970.7466764403944,2013-01-31,2013-04-30,3000.0,-500.0,2013-04-30,89 days 00:00:00.000000000,10.301348686218262,11.212336540222168,884.3384315518592
312,312,312,AMZN,37.840089362105566,2013-02-28,2013-05-28,3000.0,-500.0,2013-04-29,60 days 00:00:00.000000000,264.2699890136719,249.74000549316406,-549.8158748459368
313,313,313,BAC,977.6472063553184,2013-02-28,2013-05-28,3000.0,-500.0,2013-05-28,89 days 00:00:00.000000000,10.228638648986816,12.159600257873535,1887.7992225074715
314,314,314,JPM,255.1053872601064,2013-03-29,2013-06-29,3000.0,-500.0,2013-06-29,92 days 00:00:00.000000000,39.199485778808594,43.874412536621094,1192.5990009643915
315,315,315,AAPL,179.099635992069,2013-03-29,2013-06-29,3000.0,-500.0,2013-04-15,17 days 00:00:00.000000000,55.834842681884766,52.95771026611328,-515.293368365655
316,316,316,AMZN,39.39955122410587,2013-04-30,2013-07-30,3000.0,-500.0,2013-07-30,91 days 00:00:00.000000000,253.80999755859375,302.4100036621094,1914.818429967322
317,317,317,XOM,143.09795187562776,2013-04-30,2013-07-30,3000.0,-500.0,2013-07-30,91 days 00:00:00.000000000,69.8822021484375,74.17686462402344,614.5574042534608
318,318,318,WMT,157.06632808506689,2013-05-31,2013-08-31,3000.0,-500.0,2013-08-31,92 days 00:00:00.000000000,63.6673698425293,62.4620475769043,-189.3155424208924
319,319,319,JNJ,142.0933113957704,2013-05-31,2013-08-31,3000.0,-500.0,2013-08-31,92 days 00:00:00.000000000,70.37628936767578,72.78489685058594,342.24701309933556
320,320,320,AAPL,198.62039201887646,2013-06-28,2013-09-28,3000.0,-500.0,2013-09-28,92 days 00:00:00.000000000,50.34729766845703,61.6993408203125,2254.747261036735
321,321,321,PG,160.22267274526425,2013-06-28,2013-09-28,3000.0,-500.0,2013-09-28,92 days 00:00:00.000000000,62.41313934326172,63.05995178222656,103.63401773583037
322,322,322,MSFT,364.695524437281,2013-07-31,2013-10-31,3000.0,-500.0,2013-10-31,92 days 00:00:00.000000000,27.420133590698242,30.709453582763672,1199.6002795483348
323,323,323,BRK-A,0.05750431282346176,2013-07-31,2013-10-31,3000.0,-500.0,2013-10-31,92 days 00:00:00.000000000,173900.0,172994.0,-52.098907418056356
324,324,324,JPM,236.39353413040763,2013-08-30,2013-11-30,3000.0,-500.0,2013-11-30,92 days 00:00:00.000000000,42.30234146118164,48.255950927734375,1407.394782630652
325,325,325,AMZN,35.58972029681705,2013-08-30,2013-11-30,3000.0,-500.0,2013-11-14,76 days 00:00:00.000000000,280.9800109863281,367.3999938964844,3075.6630198281705
326,326,326,PG,161.97778193553268,2013-09-30,2013-12-30,3000.0,-500.0,2013-12-30,91 days 00:00:00.000000000,61.73686218261719,67.49528503417969,932.7365609429788
327,327,327,BAC,794.4249276640835,2013-09-30,2013-12-30,3000.0,-500.0,2013-12-30,91 days 00:00:00.000000000,12.587721824645996,14.183998107910156,1268.1216708640225
328,328,328,JPM,230.06611206139215,2013-10-31,2014-01-31,3000.0,-500.0,2014-01-31,92 days 00:00:00.000000000,43.46576690673828,46.992679595947266,811.4230899863002
329,329,329,BAC,784.7573670166548,2013-10-31,2014-01-31,3000.0,-500.0,2014-01-31,92 days 00:00:00.000000000,12.742792129516602,15.288416862487793,1997.6977628589473
330,330,330,BRK-A,0.05722460658082976,2013-11-29,2014-02-28,3000.0,-500.0,2014-02-03,66 days 00:00:00.000000000,174750.0,165265.0,-542.7753934191702
331,331,331,PG,144.25311385300714,2013-11-29,2014-02-28,3000.0,-500.0,2014-01-17,49 days 00:00:00.000000000,69.32259368896484,65.75028228759766,-515.3170432998164
332,332,332,PG,149.232251800278,2013-12-31,2014-03-31,3000.0,-500.0,2014-01-31,31 days 00:00:00.000000000,67.0096435546875,63.54365158081055,-517.237786983348
333,333,333,JNJ,128.72217666498076,2013-12-31,2014-03-31,3000.0,-500.0,2014-02-03,34 days 00:00:00.000000000,77.68669128417969,73.60684204101562,-525.1670750450526
334,334,334,AAPL,155.38989738045106,2014-01-31,2014-04-30,3000.0,-500.0,2014-04-30,89 days 00:00:00.000000000,64.354248046875,76.31263732910156,1858.2128834006714
335,335,335,AMZN,27.879226998063736,2014-01-31,2014-04-30,3000.0,-500.0,2014-03-27,55 days 00:00:00.000000000,358.69000244140625,338.4700012207031,-563.7180039331082
336,336,336,AMZN,27.616680009503348,2014-02-28,2014-05-28,3000.0,-500.0,2014-03-26,26 days 00:00:00.000000000,362.1000061035156,343.4100036621094,-516.1558168011528
337,337,337,BAC,662.7953626523647,2014-02-28,2014-05-28,3000.0,-500.0,2014-04-28,59 days 00:00:00.000000000,15.087613105773926,13.653642654418945,-950.4289653385994
338,338,338,AMZN,29.72916771757871,2014-03-31,2014-06-30,3000.0,-500.0,2014-04-07,7 days 00:00:00.000000000,336.3699951171875,317.760009765625,-553.2593757382846
339,339,339,XOM,126.81582012649653,2014-03-31,2014-06-30,3000.0,-500.0,2014-06-30,91 days 00:00:00.000000000,78.8545150756836,81.82816314697266,377.1056189280971
340,340,340,BAC,723.2139685705782,2014-04-30,2014-07-30,3000.0,-500.0,2014-07-30,91 days 00:00:00.000000000,13.827166557312012,14.238168716430664,297.2425025872768
341,341,341,AMZN,32.880675498799285,2014-04-30,2014-07-30,3000.0,-500.0,2014-05-08,8 days 00:00:00.000000000,304.1300048828125,288.32000732421875,-519.84339936093
342,342,342,WMT,149.41766530566088,2014-05-30,2014-08-30,3000.0,-500.0,2014-08-30,92 days 00:00:00.000000000,66.9264907836914,66.2529525756836,-100.63850653468593
343,343,343,PG,148.06716387645602,2014-05-30,2014-08-30,3000.0,-500.0,2014-08-30,92 days 00:00:00.000000000,67.53691864013672,70.03101348876953,369.2935506759394
344,344,344,PG,152.2120461332378,2014-06-30,2014-09-30,3000.0,-500.0,2014-09-30,92 days 00:00:00.000000000,65.69782257080078,70.56188201904297,740.368441130651
345,345,345,WMT,152.80121968649357,2014-06-30,2014-09-30,3000.0,-500.0,2014-09-30,92 days 00:00:00.000000000,65.44450378417969,67.10417175292969,253.59928989960528
346,346,346,JNJ,116.1396777396854,2014-07-31,2014-10-31,3000.0,-500.0,2014-10-31,92 days 00:00:00.000000000,86.10321807861328,93.34575653076172,841.1460818497994
347,347,347,AMZN,31.949903549668605,2014-07-31,2014-10-31,3000.0,-500.0,2014-10-24,85 days 00:00:00.000000000,312.989990234375,287.05999755859375,-828.4607650348242
348,348,348,XOM,122.85052355250512,2014-08-29,2014-11-29,3000.0,-500.0,2014-09-25,27 days 00:00:00.000000000,81.39973449707031,77.1357650756836,-523.8308758292308
349,349,349,WMT,150.93666940468157,2014-08-29,2014-11-29,3000.0,-500.0,2014-11-29,92 days 00:00:00.000000000,66.2529525756836,76.8183364868164,1594.7038585281948
350,350,350,XOM,129.91725644949992,2014-09-30,2014-12-30,3000.0,-500.0,2014-12-10,71 days 00:00:00.000000000,76.9720687866211,73.09293365478516,-503.96659372499414
351,351,351,AMZN,31.0135216607226,2014-09-30,2014-12-30,3000.0,-500.0,2014-10-15,15 days 00:00:00.000000000,322.44000244140625,305.9700012207031,-510.792739610404
352,352,352,AMZN,32.737511555488375,2014-10-31,2015-01-31,3000.0,-500.0,2015-01-15,76 days 00:00:00.000000000,305.4599914550781,286.95001220703125,-605.9706595247845
353,353,353,WMT,149.41282805886095,2014-10-31,2015-01-31,3000.0,-500.0,2015-01-31,92 days 00:00:00.000000000,66.92865753173828,74.98849487304688,1204.2430908593278
354,354,354,XOM,133.98643268789735,2014-11-28,2015-02-28,3000.0,-500.0,2015-02-28,92 days 00:00:00.000000000,74.6344223022461,73.53512573242188,-147.29082585678913
355,355,355,JPM,191.94980062831223,2014-11-28,2015-02-28,3000.0,-500.0,2015-01-15,48 days 00:00:00.000000000,52.096954345703125,47.926212310791016,-800.5731020735006
356,356,356,AMZN,32.22168456044609,2014-12-31,2015-03-31,3000.0,-500.0,2015-01-12,12 days 00:00:00.000000000,310.3500061035156,291.4100036621094,-610.2787842410711
357,357,357,AAPL,98.60079579038876,2014-12-31,2015-03-31,3000.0,-500.0,2015-03-31,90 days 00:00:00.000000000,101.41905975341797,114.77964782714844,1317.3646162974014
358,358,358,BAC,717.9528822880202,2015-01-30,2015-04-30,3000.0,-500.0,2015-04-30,90 days 00:00:00.000000000,13.92849063873291,14.691398620605469,547.7319845059401
359,359,359,MSFT,275.7141833924654,2015-01-30,2015-04-30,3000.0,-500.0,2015-04-30,90 days 00:00:00.000000000,36.26944351196289,43.97773742675781,2125.285962066792
360,360,360,WMT,135.02208458679516,2015-02-27,2015-05-27,3000.0,-500.0,2015-04-16,48 days 00:00:00.000000000,74.06195831298828,70.34334564208984,-502.0948345955771
361,361,361,XOM,135.98943226653066,2015-02-27,2015-05-27,3000.0,-500.0,2015-03-11,12 days 00:00:00.000000000,73.53512573242188,69.78113555908203,-510.50299240662036
362,362,362,MSFT,272.0152709745021,2015-03-31,2015-06-30,3000.0,-500.0,2015-06-30,91 days 00:00:00.000000000,36.76264190673828,40.17753601074219,928.9033450498521
363,363,363,XOM,141.6529819675382,2015-03-31,2015-06-30,3000.0,-500.0,2015-06-30,91 days 00:00:00.000000000,70.59505462646484,69.67161560058594,-130.80789168094574
364,364,364,WMT,144.3272768995534,2015-04-30,2015-07-30,3000.0,-500.0,2015-06-05,36 days 00:00:00.000000000,69.28697204589844,65.26652526855469,-580.2601352936085
365,365,365,PG,145.90497720179073,2015-04-30,2015-07-30,3000.0,-500.0,2015-07-30,91 days 00:00:00.000000000,68.53775787353516,67.2564697265625,-186.9463178729701
366,366,366,WMT,150.72165790143964,2015-05-29,2015-08-29,3000.0,-500.0,2015-08-18,81 days 00:00:00.000000000,66.34746551513672,62.49224853515625,-581.0646947924375
367,367,367,MSFT,234.5012295606233,2015-05-29,2015-08-29,3000.0,-500.0,2015-06-29,31 days 00:00:00.000000000,42.643699645996094,40.37774658203125,-531.3687796264176
368,368,368,MSFT,248.895303020233,2015-06-30,2015-09-30,3000.0,-500.0,2015-08-25,56 days 00:00:00.000000000,40.17753601074219,37.07151412963867,-773.0742572847337
369,369,369,BRK-A,0.0488162069807176,2015-06-30,2015-09-30,3000.0,-500.0,2015-08-25,56 days 00:00:00.000000000,204850.0,194200.0,-519.8926043446425
370,370,370,XOM,150.76040423001453,2015-07-31,2015-10-31,3000.0,-500.0,2015-08-21,21 days 00:00:00.000000000,66.33041381835938,60.96676254272461,-808.6262344635303
371,371,371,AAPL,88.99981272775001,2015-07-31,2015-10-31,3000.0,-500.0,2015-08-04,4 days 00:00:00.000000000,112.35978698730469,106.1906509399414,-549.051952907344
372,372,372,WMT,171.7624011983216,2015-08-31,2015-11-30,3000.0,-500.0,2015-10-14,44 days 00:00:00.000000000,58.2199592590332,53.99264907836914,-726.0929472409701
373,373,373,BAC,661.6067670431527,2015-08-31,2015-11-30,3000.0,-500.0,2015-09-28,28 days 00:00:00.000000000,15.114718437194824,14.356027603149414,-501.9549898980569
374,374,374,JPM,185.73259066937177,2015-09-30,2015-12-30,3000.0,-500.0,2015-12-30,91 days 00:00:00.000000000,53.84084701538086,59.227996826171875,1000.5692906822313
375,375,375,BRK-A,0.05121901249743905,2015-09-30,2015-12-30,3000.0,-500.0,2015-12-30,91 days 00:00:00.000000000,195240.0,200081.0,247.95123950010245
376,376,376,WMT,194.23793302101916,2015-10-30,2016-01-30,3000.0,-500.0,2016-01-30,92 days 00:00:00.000000000,51.48324966430664,60.18596267700195,1690.396987261064
377,377,377,BRK-A,0.04887681088584332,2015-10-30,2016-01-30,3000.0,-500.0,2016-01-08,70 days 00:00:00.000000000,204596.0,193900.0,-522.7863692349802
378,378,378,PG,152.38132440567017,2015-11-30,2016-02-29,3000.0,-500.0,2016-02-29,91 days 00:00:00.000000000,65.62483978271484,71.0173568725586,821.718896030601
379,379,379,BRK-A,0.049662296384584824,2015-11-30,2016-02-29,3000.0,-500.0,2016-01-13,44 days 00:00:00.000000000,201360.0,190500.0,-539.3325387365912
380,380,380,AAPL,101.66468632846849,2015-12-31,2016-03-31,3000.0,-500.0,2016-01-07,7 days 00:00:00.000000000,98.3625717163086,90.12986755371094,-836.9752863255676
381,381,381,XOM,150.46556713414708,2015-12-31,2016-03-31,3000.0,-500.0,2016-01-11,11 days 00:00:00.000000000,66.46038818359375,62.82830047607422,-546.5041367928903
382,382,382,BAC,759.9509579072765,2016-01-29,2016-04-29,3000.0,-500.0,2016-02-02,4 days 00:00:00.000000000,13.158743858337402,12.311890602111816,-643.5669432755303
383,383,383,AMZN,17.035775127768314,2016-01-29,2016-04-29,3000.0,-500.0,2016-02-02,4 days 00:00:00.000000000,587.0,552.0999755859375,-594.5489678715928
384,384,384,BAC,858.2834102608387,2016-02-29,2016-05-29,3000.0,-500.0,2016-05-29,90 days 00:00:00.000000000,11.651163101196289,13.900080680847168,1930.2086496583076
385,385,385,MSFT,211.60273020990923,2016-02-29,2016-05-29,3000.0,-500.0,2016-05-29,90 days 00:00:00.000000000,47.25836944580078,48.93577194213867,354.9429478860149
386,386,386,PG,137.35498801004718,2016-03-31,2016-06-30,3000.0,-500.0,2016-06-30,91 days 00:00:00.000000000,72.8040542602539,75.5045166015625,370.92197251202583
387,387,387,JNJ,102.22959604209733,2016-03-31,2016-06-30,3000.0,-500.0,2016-06-30,91 days 00:00:00.000000000,97.81903076171875,110.44515991210938,1290.764082619783
388,388,388,AAPL,113.5424826659129,2016-04-29,2016-07-29,3000.0,-500.0,2016-07-29,91 days 00:00:00.000000000,88.07276153564453,98.50592041015625,1184.6067606599622
389,389,389,MSFT,215.88825700769638,2016-04-29,2016-07-29,3000.0,-500.0,2016-07-29,91 days 00:00:00.000000000,46.32025909423828,53.01374435424805,1445.0448660902157
390,390,390,BRK-A,0.04723777132194903,2016-05-31,2016-08-31,3000.0,-500.0,2016-08-31,92 days 00:00:00.000000000,211695.0,225760.0,664.3992536432131
391,391,391,PG,138.37482843292767,2016-05-31,2016-08-31,3000.0,-500.0,2016-08-31,92 days 00:00:00.000000000,72.2674789428711,78.46841430664062,858.0533670852828
392,392,392,BAC,803.97774910367,2016-06-30,2016-09-30,3000.0,-500.0,2016-09-30,92 days 00:00:00.000000000,12.438155174255371,14.73723316192627,1848.407545541444
393,393,393,JPM,178.40356224568913,2016-06-30,2016-09-30,3000.0,-500.0,2016-09-30,92 days 00:00:00.000000000,56.05269241333008,60.534358978271484,799.5452799829479
394,394,394,XOM,129.58314153699652,2016-07-29,2016-10-29,3000.0,-500.0,2016-09-20,53 days 00:00:00.000000000,77.1705322265625,72.22003173828125,-641.5014054519196
395,395,395,WMT,148.90024301712026,2016-07-29,2016-10-29,3000.0,-500.0,2016-10-07,70 days 00:00:00.000000000,67.1590576171875,63.66194152832031,-520.7214354914054
396,396,396,JNJ,91.41985414755722,2016-08-31,2016-11-30,3000.0,-500.0,2016-11-29,90 days 00:00:00.000000000,109.38542938232422,103.81006622314453,-509.6988868318709
397,397,397,WMT,151.05509341313265,2016-08-31,2016-11-30,3000.0,-500.0,2016-10-11,41 days 00:00:00.000000000,66.20101165771484,62.44801330566406,-566.9095166483637
398,398,398,BRK-A,0.046249190639163815,2016-09-30,2016-12-30,3000.0,-500.0,2016-12-30,91 days 00:00:00.000000000,216220.0,244121.0,1290.3986680233095
399,399,399,BAC,678.5534224860512,2016-09-30,2016-12-30,3000.0,-500.0,2016-11-23,54 days 00:00:00.000000000,14.73723316192627,19.36086654663086,3137.3822575120644
400,400,400,AMZN,12.661112541170446,2016-10-31,2017-01-31,3000.0,-500.0,2016-11-10,10 days 00:00:00.000000000,789.8200073242188,742.3800048828125,-600.6432098640453
401,401,401,XOM,137.1694853988466,2016-10-31,2017-01-31,3000.0,-500.0,2017-01-31,92 days 00:00:00.000000000,72.90251159667969,74.05120086669922,157.56511605175587
402,402,402,PG,133.9023201208586,2016-11-30,2017-02-28,3000.0,-500.0,2017-02-28,90 days 00:00:00.000000000,74.68130493164062,83.13227844238281,1131.6049603682966
403,403,403,AMZN,13.323207565474124,2016-11-30,2017-02-28,3000.0,-500.0,2017-02-28,90 days 00:00:00.000000000,750.5700073242188,845.0399780273438,1258.6430283819939
404,404,404,WMT,155.0157845929647,2016-12-30,2017-03-30,3000.0,-500.0,2017-01-27,28 days 00:00:00.000000000,64.50955963134766,61.280364990234375,-500.5761408955724
405,405,405,AMZN,13.335644931942142,2016-12-30,2017-03-30,3000.0,-500.0,2017-03-30,90 days 00:00:00.000000000,749.8699951171875,876.3400268554688,1686.559437793172
406,406,406,XOM,135.04169929669558,2017-01-31,2017-04-30,3000.0,-500.0,2017-04-30,89 days 00:00:00.000000000,74.05120086669922,72.73297119140625,-178.01597541489375
407,407,407,WMT,160.54377540725403,2017-01-31,2017-04-30,3000.0,-500.0,2017-04-30,89 days 00:00:00.000000000,62.288307189941406,70.6812744140625,1347.438645029741
408,408,408,XOM,138.04713521019244,2017-02-28,2017-05-28,3000.0,-500.0,2017-05-28,89 days 00:00:00.000000000,72.43902587890625,73.32988739013672,122.98087949438889
409,409,409,MSFT,163.96444901680374,2017-02-28,2017-05-28,3000.0,-500.0,2017-05-28,89 days 00:00:00.000000000,60.98883056640625,67.07149505615234,997.3407316152959
410,410,410,BAC,447.1367836628871,2017-03-31,2017-06-30,3000.0,-500.0,2017-04-13,13 days 00:00:00.000000000,22.364521026611328,21.17945671081543,-529.885846598638
411,411,411,JPM,123.64388350390118,2017-03-31,2017-06-30,3000.0,-500.0,2017-05-31,61 days 00:00:00.000000000,80.87743377685547,76.51119995117188,-539.8581064936151
412,412,412,PG,124.4891270042306,2017-04-28,2017-07-28,3000.0,-500.0,2017-07-28,91 days 00:00:00.000000000,80.32830047607422,83.6280288696289,410.7803070646953
413,413,413,BRK-A,0.040358382436031966,2017-04-28,2017-07-28,3000.0,-500.0,2017-07-28,91 days 00:00:00.000000000,247780.0,261026.0,534.5871337476794
414,414,414,JPM,130.6998191948607,2017-05-31,2017-08-31,3000.0,-500.0,2017-08-31,92 days 00:00:00.000000000,76.51119995117188,85.1169204711914,1124.7661160080554
415,415,415,BAC,469.1399429144825,2017-05-31,2017-08-31,3000.0,-500.0,2017-08-31,92 days 00:00:00.000000000,21.315601348876953,22.839555740356445,714.9478762229639
416,416,416,AAPL,72.07524261167175,2017-06-30,2017-09-30,3000.0,-500.0,2017-09-30,92 days 00:00:00.000000000,138.743896484375,149.05690002441406,743.312232203345
417,417,417,WMT,139.61119296780194,2017-06-30,2017-09-30,3000.0,-500.0,2017-09-30,92 days 00:00:00.000000000,71.62749481201172,74.42095947265625,389.99893378597903
418,418,418,XOM,138.9427452683122,2017-07-31,2017-10-31,3000.0,-500.0,2017-10-31,92 days 00:00:00.000000000,71.97209167480469,75.67491149902344,514.4799516108823
419,419,419,BAC,435.8799514410473,2017-07-31,2017-10-31,3000.0,-500.0,2017-10-31,92 days 00:00:00.000000000,22.942096710205078,26.1856632232666,1413.8056142090638
420,420,420,XOM,144.2973737772286,2017-08-31,2017-11-30,3000.0,-500.0,2017-11-30,91 days 00:00:00.000000000,69.30133056640625,76.32028198242188,1012.8162560010145
421,421,421,WMT,134.49122418904784,2017-08-31,2017-11-30,3000.0,-500.0,2017-11-30,91 days 00:00:00.000000000,74.35429382324219,92.60238647460938,2454.2083197975408
422,422,422,AAPL,67.08847425622093,2017-09-29,2017-12-29,3000.0,-500.0,2017-12-29,91 days 00:00:00.000000000,149.05690002441406,164.25889587402344,1019.878707199696
423,423,423,JNJ,81.72791895846787,2017-09-29,2017-12-29,3000.0,-500.0,2017-12-29,91 days 00:00:00.000000000,122.35720825195312,132.30091857910156,812.6787517636675
424,424,424,PG,124.00821902618655,2017-10-31,2018-01-31,3000.0,-500.0,2018-01-31,92 days 00:00:00.000000000,80.63981628417969,81.25421142578125,76.19004728835147
425,425,425,XOM,132.14419154132804,2017-10-31,2018-01-31,3000.0,-500.0,2018-01-31,92 days 00:00:00.000000000,75.67491149902344,79.9947280883789,570.8386708071955
426,426,426,JNJ,75.79683773501894,2017-11-30,2018-02-28,3000.0,-500.0,2018-02-05,67 days 00:00:00.000000000,131.93162536621094,123.4663314819336,-641.642506925818
427,427,427,XOM,131.0267695591482,2017-11-30,2018-02-28,3000.0,-500.0,2018-02-06,68 days 00:00:00.000000000,76.32028198242188,71.79367065429688,-593.1072593740641
428,428,428,AAPL,60.879503340077186,2017-12-29,2018-03-29,3000.0,-500.0,2018-02-02,35 days 00:00:00.000000000,164.25889587402344,155.78536987304688,-515.8640544786836
429,429,429,JNJ,75.58526507146726,2017-12-29,2018-03-29,3000.0,-500.0,2018-02-05,38 days 00:00:00.000000000,132.30091857910156,123.4663314819336,-667.7646075364054
430,430,430,PG,123.07054396970109,2018-01-31,2018-04-30,3000.0,-500.0,2018-02-05,5 days 00:00:00.000000000,81.25421142578125,76.28523254394531,-611.5349339615059
431,431,431,JNJ,76.42212542739355,2018-01-31,2018-04-30,3000.0,-500.0,2018-02-05,5 days 00:00:00.000000000,130.85215759277344,123.4663314819336,-564.4405294275208
432,432,432,WMT,116.03916144637107,2018-02-28,2018-05-28,3000.0,-500.0,2018-05-09,70 days 00:00:00.000000000,86.17780303955078,79.99781799316406,-717.1202825338274
433,433,433,XOM,142.62943420930068,2018-02-28,2018-05-28,3000.0,-500.0,2018-05-28,89 days 00:00:00.000000000,70.11175537109375,73.59956359863281,497.46411412444036
434,434,434,BAC,346.00208635520136,2018-03-30,2018-06-30,3000.0,-500.0,2018-06-27,89 days 00:00:00.000000000,28.901559829711914,27.326271057128906,-545.053201925645
435,435,435,AAPL,61.156297845429364,2018-03-30,2018-06-30,3000.0,-500.0,2018-06-30,92 days 00:00:00.000000000,163.5154571533203,181.10064697265625,1075.445106259721
436,436,436,PG,145.5412933112543,2018-04-30,2018-07-30,3000.0,-500.0,2018-07-30,91 days 00:00:00.000000000,68.70902252197266,76.86602783203125,1187.1811023726966
437,437,437,BRK-A,0.03440564252537416,2018-04-30,2018-07-30,3000.0,-500.0,2018-07-30,91 days 00:00:00.000000000,290650.0,303432.0,439.7729227593325
438,438,438,WMT,125.00340947867497,2018-05-31,2018-08-31,3000.0,-500.0,2018-08-31,92 days 00:00:00.000000000,79.99781799316406,93.44718933105469,1681.2172725810965
439,439,439,JNJ,87.07845704404275,2018-05-31,2018-08-31,3000.0,-500.0,2018-08-31,92 days 00:00:00.000000000,114.8389663696289,130.16836547851562,1334.8604218141793
440,440,440,BAC,366.5973054935825,2018-06-29,2018-09-29,3000.0,-500.0,2018-09-29,92 days 00:00:00.000000000,27.27788734436035,28.64459800720215,501.03244638715086
441,441,441,JPM,100.84351190730817,2018-06-29,2018-09-29,3000.0,-500.0,2018-09-29,92 days 00:00:00.000000000,99.16354370117188,107.9695053100586,888.0240943610664
442,442,442,XOM,131.20297993486898,2018-07-31,2018-10-31,3000.0,-500.0,2018-10-31,92 days 00:00:00.000000000,76.21778106689453,75.27509307861328,-123.68347321130685
443,443,443,AAPL,53.71480109311456,2018-07-31,2018-10-31,3000.0,-500.0,2018-10-31,92 days 00:00:00.000000000,186.16842651367188,214.87059020996094,1541.7310138881808
444,444,444,XOM,132.03410612450807,2018-08-31,2018-11-30,3000.0,-500.0,2018-11-30,91 days 00:00:00.000000000,75.73800659179688,75.86639404296875,16.951522353082442
445,445,445,JPM,91.21225408575185,2018-08-31,2018-11-30,3000.0,-500.0,2018-10-12,42 days 00:00:00.000000000,109.63439178466797,103.05035400390625,-600.5449269690276
446,446,446,BAC,349.1059639756748,2018-09-28,2018-12-28,3000.0,-500.0,2018-10-15,17 days 00:00:00.000000000,28.64459800720215,27.1472225189209,-522.7427132699726
447,447,447,JPM,92.61874425823072,2018-09-28,2018-12-28,3000.0,-500.0,2018-10-15,17 days 00:00:00.000000000,107.9695053100586,102.46259307861328,-510.04329561675604
448,448,448,AMZN,6.257783079510665,2018-10-31,2019-01-01,3000.0,-500.0,2019-01-01,62 days 00:00:00.000000000,1598.010009765625,1501.969970703125,-600.9977314008557
449,449,449,BAC,373.9876938612042,2018-10-31,2019-01-01,3000.0,-500.0,2019-01-01,62 days 00:00:00.000000000,26.738847732543945,24.09189796447754,-989.9266395256046
450,450,450,AAPL,56.83867152788101,2018-11-30,2019-01-01,3000.0,-500.0,2019-01-01,32 days 00:00:00.000000000,175.93655395507812,155.40504455566406,-1166.9837187248975
451,451,451,WMT,105.05069999470226,2018-11-30,2019-01-01,3000.0,-500.0,2019-01-01,32 days 00:00:00.000000000,95.19213104248047,91.30091857910156,-408.77459310606383
452,452,452,XOM,153.67277846742732,2018-12-31,2019-01-01,3000.0,-500.0,2019-01-01,1 days 00:00:00.000000000,65.07333374023438,65.07333374023438,0.0
453,453,453,BAC,415.0773017030276,2018-12-31,2019-01-01,3000.0,-500.0,2019-01-01,1 days 00:00:00.000000000,24.09189796447754,24.09189796447754,0.0
