,trade_index,asset,lot,begin_date,end_date,unit
0,0,6954,1,2000-02-01,2000-02-29,price
1,0,9433,1,2000-02-01,2000-02-29,price
2,0,6861,1,2000-02-01,2000-02-29,price
3,1,3382,-1,2000-02-01,2000-02-29,price
4,1,8766,-1,2000-02-01,2000-02-29,price
5,1,8411,-1,2000-02-01,2000-02-29,price
6,2,9433,1,2000-03-01,2000-03-31,price
7,2,2914,1,2000-03-01,2000-03-31,price
8,2,8802,1,2000-03-01,2000-03-31,price
9,3,8766,-1,2000-03-01,2000-03-31,price
10,3,8411,-1,2000-03-01,2000-03-31,price
11,3,6758,-1,2000-03-01,2000-03-31,price
12,4,9984,1,2000-04-01,2000-04-30,price
13,4,7974,1,2000-04-01,2000-04-30,price
14,4,6501,1,2000-04-01,2000-04-30,price
15,5,3382,-1,2000-04-01,2000-04-30,price
16,5,8766,-1,2000-04-01,2000-04-30,price
17,5,8411,-1,2000-04-01,2000-04-30,price
18,6,9432,1,2000-05-01,2000-05-31,price
19,6,6981,1,2000-05-01,2000-05-31,price
20,6,6758,1,2000-05-01,2000-05-31,price
21,7,3382,-1,2000-05-01,2000-05-31,price
22,7,8766,-1,2000-05-01,2000-05-31,price
23,7,8411,-1,2000-05-01,2000-05-31,price
24,8,9984,1,2000-06-01,2000-06-30,price
25,8,7267,1,2000-06-01,2000-06-30,price
26,8,9437,1,2000-06-01,2000-06-30,price
27,9,3382,-1,2000-06-01,2000-06-30,price
28,9,8766,-1,2000-06-01,2000-06-30,price
29,9,8411,-1,2000-06-01,2000-06-30,price
30,10,9984,1,2000-07-01,2000-07-31,price
31,10,6981,1,2000-07-01,2000-07-31,price
32,10,9433,1,2000-07-01,2000-07-31,price
33,11,8766,-1,2000-07-01,2000-07-31,price
34,11,8411,-1,2000-07-01,2000-07-31,price
35,11,6954,-1,2000-07-01,2000-07-31,price
36,12,9984,1,2000-08-01,2000-08-31,price
37,12,9433,1,2000-08-01,2000-08-31,price
38,12,6981,1,2000-08-01,2000-08-31,price
39,13,8766,-1,2000-08-01,2000-08-31,price
40,13,8411,-1,2000-08-01,2000-08-31,price
41,13,6954,-1,2000-08-01,2000-08-31,price
42,14,4452,1,2000-09-01,2000-09-30,price
43,14,8058,1,2000-09-01,2000-09-30,price
44,14,8031,1,2000-09-01,2000-09-30,price
45,15,6954,-1,2000-09-01,2000-09-30,price
46,15,6981,-1,2000-09-01,2000-09-30,price
47,15,6758,-1,2000-09-01,2000-09-30,price
48,16,9984,1,2000-10-01,2000-10-31,price
49,16,9432,1,2000-10-01,2000-10-31,price
50,16,9433,1,2000-10-01,2000-10-31,price
51,17,3382,-1,2000-10-01,2000-10-31,price
52,17,8766,-1,2000-10-01,2000-10-31,price
53,17,8411,-1,2000-10-01,2000-10-31,price
54,18,9984,1,2000-11-01,2000-11-30,price
55,18,9433,1,2000-11-01,2000-11-30,price
56,18,6758,1,2000-11-01,2000-11-30,price
57,19,3382,-1,2000-11-01,2000-11-30,price
58,19,8766,-1,2000-11-01,2000-11-30,price
59,19,8411,-1,2000-11-01,2000-11-30,price
60,20,9984,1,2000-12-01,2000-12-31,price
61,20,6861,1,2000-12-01,2000-12-31,price
62,20,6954,1,2000-12-01,2000-12-31,price
63,21,8766,-1,2000-12-01,2000-12-31,price
64,21,8411,-1,2000-12-01,2000-12-31,price
65,21,6981,-1,2000-12-01,2000-12-31,price
66,22,9984,1,2001-01-01,2001-01-31,price
67,22,9437,1,2001-01-01,2001-01-31,price
68,22,6954,1,2001-01-01,2001-01-31,price
69,23,3382,-1,2001-01-01,2001-01-31,price
70,23,8766,-1,2001-01-01,2001-01-31,price
71,23,8411,-1,2001-01-01,2001-01-31,price
72,24,4503,1,2001-02-01,2001-02-28,price
73,24,4452,1,2001-02-01,2001-02-28,price
74,24,8802,1,2001-02-01,2001-02-28,price
75,25,8411,-1,2001-02-01,2001-02-28,price
76,25,6954,-1,2001-02-01,2001-02-28,price
77,25,6758,-1,2001-02-01,2001-02-28,price
78,26,6981,1,2001-03-01,2001-03-31,price
79,26,9984,1,2001-03-01,2001-03-31,price
80,26,6861,1,2001-03-01,2001-03-31,price
81,27,8766,-1,2001-03-01,2001-03-31,price
82,27,8411,-1,2001-03-01,2001-03-31,price
83,27,6758,-1,2001-03-01,2001-03-31,price
84,28,9433,1,2001-04-01,2001-04-30,price
85,28,9984,1,2001-04-01,2001-04-30,price
86,28,4503,1,2001-04-01,2001-04-30,price
87,29,8411,-1,2001-04-01,2001-04-30,price
88,29,6954,-1,2001-04-01,2001-04-30,price
89,29,6981,-1,2001-04-01,2001-04-30,price
90,30,4503,1,2001-05-01,2001-05-31,price
91,30,6752,1,2001-05-01,2001-05-31,price
92,30,7203,1,2001-05-01,2001-05-31,price
93,31,3382,-1,2001-05-01,2001-05-31,price
94,31,8766,-1,2001-05-01,2001-05-31,price
95,31,8411,-1,2001-05-01,2001-05-31,price
96,32,6981,1,2001-06-01,2001-06-30,price
97,32,8306,1,2001-06-01,2001-06-30,price
98,32,9437,1,2001-06-01,2001-06-30,price
99,33,3382,-1,2001-06-01,2001-06-30,price
100,33,8766,-1,2001-06-01,2001-06-30,price
101,33,8411,-1,2001-06-01,2001-06-30,price
102,34,6981,1,2001-07-01,2001-07-31,price
103,34,6758,1,2001-07-01,2001-07-31,price
104,34,9432,1,2001-07-01,2001-07-31,price
105,35,3382,-1,2001-07-01,2001-07-31,price
106,35,8766,-1,2001-07-01,2001-07-31,price
107,35,8411,-1,2001-07-01,2001-07-31,price
108,36,6758,1,2001-08-01,2001-08-31,price
109,36,6861,1,2001-08-01,2001-08-31,price
110,36,9984,1,2001-08-01,2001-08-31,price
111,37,3382,-1,2001-08-01,2001-08-31,price
112,37,8766,-1,2001-08-01,2001-08-31,price
113,37,8411,-1,2001-08-01,2001-08-31,price
114,38,9984,1,2001-09-01,2001-09-30,price
115,38,9433,1,2001-09-01,2001-09-30,price
116,38,7267,1,2001-09-01,2001-09-30,price
117,39,3382,-1,2001-09-01,2001-09-30,price
118,39,8766,-1,2001-09-01,2001-09-30,price
119,39,8411,-1,2001-09-01,2001-09-30,price
120,40,6752,1,2001-10-01,2001-10-31,price
121,40,6501,1,2001-10-01,2001-10-31,price
122,40,8031,1,2001-10-01,2001-10-31,price
123,41,3382,-1,2001-10-01,2001-10-31,price
124,41,8766,-1,2001-10-01,2001-10-31,price
125,41,8411,-1,2001-10-01,2001-10-31,price
126,42,9432,1,2001-11-01,2001-11-30,price
127,42,7203,1,2001-11-01,2001-11-30,price
128,42,2914,1,2001-11-01,2001-11-30,price
129,43,6758,-1,2001-11-01,2001-11-30,price
130,43,6954,-1,2001-11-01,2001-11-30,price
131,43,6981,-1,2001-11-01,2001-11-30,price
132,44,8802,1,2001-12-01,2001-12-31,price
133,44,4452,1,2001-12-01,2001-12-31,price
134,44,8058,1,2001-12-01,2001-12-31,price
135,45,8411,-1,2001-12-01,2001-12-31,price
136,45,6954,-1,2001-12-01,2001-12-31,price
137,45,6758,-1,2001-12-01,2001-12-31,price
138,46,9984,1,2002-01-01,2002-01-31,price
139,46,9433,1,2002-01-01,2002-01-31,price
140,46,9432,1,2002-01-01,2002-01-31,price
141,47,3382,-1,2002-01-01,2002-01-31,price
142,47,8766,-1,2002-01-01,2002-01-31,price
143,47,8411,-1,2002-01-01,2002-01-31,price
144,48,7974,1,2002-02-01,2002-02-28,price
145,48,8802,1,2002-02-01,2002-02-28,price
146,48,8306,1,2002-02-01,2002-02-28,price
147,49,3382,-1,2002-02-01,2002-02-28,price
148,49,8766,-1,2002-02-01,2002-02-28,price
149,49,8411,-1,2002-02-01,2002-02-28,price
150,50,9020,1,2002-03-01,2002-03-31,price
151,50,9984,1,2002-03-01,2002-03-31,price
152,50,6752,1,2002-03-01,2002-03-31,price
153,51,8411,-1,2002-03-01,2002-03-31,price
154,51,6981,-1,2002-03-01,2002-03-31,price
155,51,6954,-1,2002-03-01,2002-03-31,price
156,52,4503,1,2002-04-01,2002-04-30,price
157,52,4502,1,2002-04-01,2002-04-30,price
158,52,4452,1,2002-04-01,2002-04-30,price
159,53,8766,-1,2002-04-01,2002-04-30,price
160,53,8411,-1,2002-04-01,2002-04-30,price
161,53,6758,-1,2002-04-01,2002-04-30,price
162,54,9984,1,2002-05-01,2002-05-31,price
163,54,7974,1,2002-05-01,2002-05-31,price
164,54,9437,1,2002-05-01,2002-05-31,price
165,55,8306,-1,2002-05-01,2002-05-31,price
166,55,3382,-1,2002-05-01,2002-05-31,price
167,55,8411,-1,2002-05-01,2002-05-31,price
168,56,7267,1,2002-06-01,2002-06-30,price
169,56,6954,1,2002-06-01,2002-06-30,price
170,56,4063,1,2002-06-01,2002-06-30,price
171,57,6098,-1,2002-06-01,2002-06-30,price
172,57,3382,-1,2002-06-01,2002-06-30,price
173,57,8411,-1,2002-06-01,2002-06-30,price
174,58,6501,1,2002-07-01,2002-07-31,price
175,58,9433,1,2002-07-01,2002-07-31,price
176,58,8306,1,2002-07-01,2002-07-31,price
177,59,6098,-1,2002-07-01,2002-07-31,price
178,59,3382,-1,2002-07-01,2002-07-31,price
179,59,8411,-1,2002-07-01,2002-07-31,price
180,60,9984,1,2002-08-01,2002-08-31,price
181,60,6981,1,2002-08-01,2002-08-31,price
182,60,8031,1,2002-08-01,2002-08-31,price
183,61,6098,-1,2002-08-01,2002-08-31,price
184,61,3382,-1,2002-08-01,2002-08-31,price
185,61,8411,-1,2002-08-01,2002-08-31,price
186,62,4503,1,2002-09-01,2002-09-30,price
187,62,9433,1,2002-09-01,2002-09-30,price
188,62,6861,1,2002-09-01,2002-09-30,price
189,63,8766,-1,2002-09-01,2002-09-30,price
190,63,8411,-1,2002-09-01,2002-09-30,price
191,63,6981,-1,2002-09-01,2002-09-30,price
192,64,9437,1,2002-10-01,2002-10-31,price
193,64,9432,1,2002-10-01,2002-10-31,price
194,64,6752,1,2002-10-01,2002-10-31,price
195,65,6098,-1,2002-10-01,2002-10-31,price
196,65,3382,-1,2002-10-01,2002-10-31,price
197,65,8411,-1,2002-10-01,2002-10-31,price
198,66,6501,1,2002-11-01,2002-11-30,price
199,66,9984,1,2002-11-01,2002-11-30,price
200,66,7974,1,2002-11-01,2002-11-30,price
201,67,7751,-1,2002-11-01,2002-11-30,price
202,67,3382,-1,2002-11-01,2002-11-30,price
203,67,8411,-1,2002-11-01,2002-11-30,price
204,68,8306,1,2002-12-01,2002-12-31,price
205,68,4452,1,2002-12-01,2002-12-31,price
206,68,6752,1,2002-12-01,2002-12-31,price
207,69,6098,-1,2002-12-01,2002-12-31,price
208,69,3382,-1,2002-12-01,2002-12-31,price
209,69,8411,-1,2002-12-01,2002-12-31,price
210,70,6981,1,2003-01-01,2003-01-31,price
211,70,7974,1,2003-01-01,2003-01-31,price
212,70,8306,1,2003-01-01,2003-01-31,price
213,71,4503,-1,2003-01-01,2003-01-31,price
214,71,3382,-1,2003-01-01,2003-01-31,price
215,71,8411,-1,2003-01-01,2003-01-31,price
216,72,7974,1,2003-02-01,2003-02-28,price
217,72,7203,1,2003-02-01,2003-02-28,price
218,72,4503,1,2003-02-01,2003-02-28,price
219,73,6098,-1,2003-02-01,2003-02-28,price
220,73,3382,-1,2003-02-01,2003-02-28,price
221,73,8411,-1,2003-02-01,2003-02-28,price
222,74,8316,1,2003-03-01,2003-03-31,price
223,74,8306,1,2003-03-01,2003-03-31,price
224,74,6752,1,2003-03-01,2003-03-31,price
225,75,6098,-1,2003-03-01,2003-03-31,price
226,75,3382,-1,2003-03-01,2003-03-31,price
227,75,8411,-1,2003-03-01,2003-03-31,price
228,76,8316,1,2003-04-01,2003-04-30,price
229,76,6501,1,2003-04-01,2003-04-30,price
230,76,8306,1,2003-04-01,2003-04-30,price
231,77,3382,-1,2003-04-01,2003-04-30,price
232,77,8411,-1,2003-04-01,2003-04-30,price
233,77,6981,-1,2003-04-01,2003-04-30,price
234,78,6758,1,2003-05-01,2003-05-31,price
235,78,8411,1,2003-05-01,2003-05-31,price
236,78,4452,1,2003-05-01,2003-05-31,price
237,79,9437,-1,2003-05-01,2003-05-31,price
238,79,7751,-1,2003-05-01,2003-05-31,price
239,79,3382,-1,2003-05-01,2003-05-31,price
240,80,4452,1,2003-06-01,2003-06-30,price
241,80,8031,1,2003-06-01,2003-06-30,price
242,80,7974,1,2003-06-01,2003-06-30,price
243,81,9984,-1,2003-06-01,2003-06-30,price
244,81,6098,-1,2003-06-01,2003-06-30,price
245,81,3382,-1,2003-06-01,2003-06-30,price
246,82,2914,1,2003-07-01,2003-07-31,price
247,82,9020,1,2003-07-01,2003-07-31,price
248,82,4502,1,2003-07-01,2003-07-31,price
249,83,9984,-1,2003-07-01,2003-07-31,price
250,83,6098,-1,2003-07-01,2003-07-31,price
251,83,3382,-1,2003-07-01,2003-07-31,price
252,84,9022,1,2003-08-01,2003-08-31,price
253,84,4502,1,2003-08-01,2003-08-31,price
254,84,7203,1,2003-08-01,2003-08-31,price
255,85,9984,-1,2003-08-01,2003-08-31,price
256,85,6098,-1,2003-08-01,2003-08-31,price
257,85,3382,-1,2003-08-01,2003-08-31,price
258,86,9020,1,2003-09-01,2003-09-30,price
259,86,2914,1,2003-09-01,2003-09-30,price
260,86,9984,1,2003-09-01,2003-09-30,price
261,87,8316,-1,2003-09-01,2003-09-30,price
262,87,6098,-1,2003-09-01,2003-09-30,price
263,87,3382,-1,2003-09-01,2003-09-30,price
264,88,6981,1,2003-10-01,2003-10-31,price
265,88,6954,1,2003-10-01,2003-10-31,price
266,88,4063,1,2003-10-01,2003-10-31,price
267,89,6098,-1,2003-10-01,2003-10-31,price
268,89,3382,-1,2003-10-01,2003-10-31,price
269,89,8411,-1,2003-10-01,2003-10-31,price
270,90,4503,1,2003-11-01,2003-11-30,price
271,90,7974,1,2003-11-01,2003-11-30,price
272,90,9437,1,2003-11-01,2003-11-30,price
273,91,8058,-1,2003-11-01,2003-11-30,price
274,91,3382,-1,2003-11-01,2003-11-30,price
275,91,6981,-1,2003-11-01,2003-11-30,price
276,92,9984,1,2003-12-01,2003-12-31,price
277,92,8058,1,2003-12-01,2003-12-31,price
278,92,8766,1,2003-12-01,2003-12-31,price
279,93,7974,-1,2003-12-01,2003-12-31,price
280,93,4503,-1,2003-12-01,2003-12-31,price
281,93,3382,-1,2003-12-01,2003-12-31,price
282,94,9984,1,2004-01-01,2004-01-31,price
283,94,6981,1,2004-01-01,2004-01-31,price
284,94,6861,1,2004-01-01,2004-01-31,price
285,95,3382,-1,2004-01-01,2004-01-31,price
286,95,8411,-1,2004-01-01,2004-01-31,price
287,95,8766,-1,2004-01-01,2004-01-31,price
288,96,7267,1,2004-02-01,2004-02-29,price
289,96,8031,1,2004-02-01,2004-02-29,price
290,96,9432,1,2004-02-01,2004-02-29,price
291,97,8802,-1,2004-02-01,2004-02-29,price
292,97,6098,-1,2004-02-01,2004-02-29,price
293,97,3382,-1,2004-02-01,2004-02-29,price
294,98,9433,1,2004-03-01,2004-03-31,price
295,98,9020,1,2004-03-01,2004-03-31,price
296,98,9022,1,2004-03-01,2004-03-31,price
297,99,7267,-1,2004-03-01,2004-03-31,price
298,99,6098,-1,2004-03-01,2004-03-31,price
299,99,3382,-1,2004-03-01,2004-03-31,price
300,100,6954,1,2004-04-01,2004-04-30,price
301,100,9022,1,2004-04-01,2004-04-30,price
302,100,6758,1,2004-04-01,2004-04-30,price
303,101,6098,-1,2004-04-01,2004-04-30,price
304,101,3382,-1,2004-04-01,2004-04-30,price
305,101,8411,-1,2004-04-01,2004-04-30,price
306,102,8058,1,2004-05-01,2004-05-31,price
307,102,8802,1,2004-05-01,2004-05-31,price
308,102,9984,1,2004-05-01,2004-05-31,price
309,103,2914,-1,2004-05-01,2004-05-31,price
310,103,6098,-1,2004-05-01,2004-05-31,price
311,103,3382,-1,2004-05-01,2004-05-31,price
312,104,4063,1,2004-06-01,2004-06-30,price
313,104,6981,1,2004-06-01,2004-06-30,price
314,104,8411,1,2004-06-01,2004-06-30,price
315,105,7267,-1,2004-06-01,2004-06-30,price
316,105,6098,-1,2004-06-01,2004-06-30,price
317,105,3382,-1,2004-06-01,2004-06-30,price
318,106,8316,1,2004-07-01,2004-07-31,price
319,106,9437,1,2004-07-01,2004-07-31,price
320,106,6861,1,2004-07-01,2004-07-31,price
321,107,7267,-1,2004-07-01,2004-07-31,price
322,107,6098,-1,2004-07-01,2004-07-31,price
323,107,3382,-1,2004-07-01,2004-07-31,price
324,108,9984,1,2004-08-01,2004-08-31,price
325,108,8411,1,2004-08-01,2004-08-31,price
326,108,6501,1,2004-08-01,2004-08-31,price
327,109,4503,-1,2004-08-01,2004-08-31,price
328,109,4502,-1,2004-08-01,2004-08-31,price
329,109,3382,-1,2004-08-01,2004-08-31,price
330,110,9432,1,2004-09-01,2004-09-30,price
331,110,6954,1,2004-09-01,2004-09-30,price
332,110,8766,1,2004-09-01,2004-09-30,price
333,111,9984,-1,2004-09-01,2004-09-30,price
334,111,6098,-1,2004-09-01,2004-09-30,price
335,111,3382,-1,2004-09-01,2004-09-30,price
336,112,4452,1,2004-10-01,2004-10-31,price
337,112,9437,1,2004-10-01,2004-10-31,price
338,112,8411,1,2004-10-01,2004-10-31,price
339,113,8058,-1,2004-10-01,2004-10-31,price
340,113,7974,-1,2004-10-01,2004-10-31,price
341,113,3382,-1,2004-10-01,2004-10-31,price
342,114,7974,1,2004-11-01,2004-11-30,price
343,114,8031,1,2004-11-01,2004-11-30,price
344,114,8802,1,2004-11-01,2004-11-30,price
345,115,4503,-1,2004-11-01,2004-11-30,price
346,115,3382,-1,2004-11-01,2004-11-30,price
347,115,6954,-1,2004-11-01,2004-11-30,price
348,116,7203,1,2004-12-01,2004-12-31,price
349,116,7267,1,2004-12-01,2004-12-31,price
350,116,4503,1,2004-12-01,2004-12-31,price
351,117,8058,-1,2004-12-01,2004-12-31,price
352,117,3382,-1,2004-12-01,2004-12-31,price
353,117,8411,-1,2004-12-01,2004-12-31,price
354,118,9022,1,2005-01-01,2005-01-31,price
355,118,6861,1,2005-01-01,2005-01-31,price
356,118,9432,1,2005-01-01,2005-01-31,price
357,119,2914,-1,2005-01-01,2005-01-31,price
358,119,6098,-1,2005-01-01,2005-01-31,price
359,119,3382,-1,2005-01-01,2005-01-31,price
360,120,7974,1,2005-02-01,2005-02-28,price
361,120,8058,1,2005-02-01,2005-02-28,price
362,120,4452,1,2005-02-01,2005-02-28,price
363,121,8802,-1,2005-02-01,2005-02-28,price
364,121,6098,-1,2005-02-01,2005-02-28,price
365,121,3382,-1,2005-02-01,2005-02-28,price
366,122,9984,1,2005-03-01,2005-03-31,price
367,122,6501,1,2005-03-01,2005-03-31,price
368,122,8802,1,2005-03-01,2005-03-31,price
369,123,8058,-1,2005-03-01,2005-03-31,price
370,123,3382,-1,2005-03-01,2005-03-31,price
371,123,8766,-1,2005-03-01,2005-03-31,price
372,124,8031,1,2005-04-01,2005-04-30,price
373,124,4063,1,2005-04-01,2005-04-30,price
374,124,8058,1,2005-04-01,2005-04-30,price
375,125,6098,-1,2005-04-01,2005-04-30,price
376,125,3382,-1,2005-04-01,2005-04-30,price
377,125,6758,-1,2005-04-01,2005-04-30,price
378,126,6981,1,2005-05-01,2005-05-31,price
379,126,9437,1,2005-05-01,2005-05-31,price
380,126,8766,1,2005-05-01,2005-05-31,price
381,127,2914,-1,2005-05-01,2005-05-31,price
382,127,6098,-1,2005-05-01,2005-05-31,price
383,127,3382,-1,2005-05-01,2005-05-31,price
384,128,9984,1,2005-06-01,2005-06-30,price
385,128,8031,1,2005-06-01,2005-06-30,price
386,128,7974,1,2005-06-01,2005-06-30,price
387,129,3382,-1,2005-06-01,2005-06-30,price
388,129,6954,-1,2005-06-01,2005-06-30,price
389,129,6981,-1,2005-06-01,2005-06-30,price
390,130,6758,1,2005-07-01,2005-07-31,price
391,130,4503,1,2005-07-01,2005-07-31,price
392,130,8411,1,2005-07-01,2005-07-31,price
393,131,9984,-1,2005-07-01,2005-07-31,price
394,131,6098,-1,2005-07-01,2005-07-31,price
395,131,3382,-1,2005-07-01,2005-07-31,price
396,132,9022,1,2005-08-01,2005-08-31,price
397,132,7751,1,2005-08-01,2005-08-31,price
398,132,4503,1,2005-08-01,2005-08-31,price
399,133,6098,-1,2005-08-01,2005-08-31,price
400,133,3382,-1,2005-08-01,2005-08-31,price
401,133,6954,-1,2005-08-01,2005-08-31,price
402,134,9432,1,2005-09-01,2005-09-30,price
403,134,9437,1,2005-09-01,2005-09-30,price
404,134,2914,1,2005-09-01,2005-09-30,price
405,135,9984,-1,2005-09-01,2005-09-30,price
406,135,6098,-1,2005-09-01,2005-09-30,price
407,135,3382,-1,2005-09-01,2005-09-30,price
408,136,6758,1,2005-10-01,2005-10-31,price
409,136,6752,1,2005-10-01,2005-10-31,price
410,136,4452,1,2005-10-01,2005-10-31,price
411,137,8411,-1,2005-10-01,2005-10-31,price
412,137,8058,-1,2005-10-01,2005-10-31,price
413,137,8306,-1,2005-10-01,2005-10-31,price
414,138,6981,1,2005-11-01,2005-11-30,price
415,138,6861,1,2005-11-01,2005-11-30,price
416,138,4502,1,2005-11-01,2005-11-30,price
417,139,4063,-1,2005-11-01,2005-11-30,price
418,139,6098,-1,2005-11-01,2005-11-30,price
419,139,8766,-1,2005-11-01,2005-11-30,price
420,140,2914,1,2005-12-01,2005-12-31,price
421,140,9437,1,2005-12-01,2005-12-31,price
422,140,9433,1,2005-12-01,2005-12-31,price
423,141,9984,-1,2005-12-01,2005-12-31,price
424,141,6098,-1,2005-12-01,2005-12-31,price
425,141,6981,-1,2005-12-01,2005-12-31,price
426,142,6752,1,2006-01-01,2006-01-31,price
427,142,4502,1,2006-01-01,2006-01-31,price
428,142,4503,1,2006-01-01,2006-01-31,price
429,143,8802,-1,2006-01-01,2006-01-31,price
430,143,9984,-1,2006-01-01,2006-01-31,price
431,143,6098,-1,2006-01-01,2006-01-31,price
432,144,9984,1,2006-02-01,2006-02-28,price
433,144,9433,1,2006-02-01,2006-02-28,price
434,144,6861,1,2006-02-01,2006-02-28,price
435,145,6098,-1,2006-02-01,2006-02-28,price
436,145,7974,-1,2006-02-01,2006-02-28,price
437,145,6758,-1,2006-02-01,2006-02-28,price
438,146,6981,1,2006-03-01,2006-03-31,price
439,146,9984,1,2006-03-01,2006-03-31,price
440,146,8802,1,2006-03-01,2006-03-31,price
441,147,7974,-1,2006-03-01,2006-03-31,price
442,147,2914,-1,2006-03-01,2006-03-31,price
443,147,6098,-1,2006-03-01,2006-03-31,price
444,148,4452,1,2006-04-01,2006-04-30,price
445,148,3382,1,2006-04-01,2006-04-30,price
446,148,9984,1,2006-04-01,2006-04-30,price
447,149,8802,-1,2006-04-01,2006-04-30,price
448,149,6098,-1,2006-04-01,2006-04-30,price
449,149,6954,-1,2006-04-01,2006-04-30,price
450,150,9984,1,2006-05-01,2006-05-31,price
451,150,8802,1,2006-05-01,2006-05-31,price
452,150,3382,1,2006-05-01,2006-05-31,price
453,151,9433,-1,2006-05-01,2006-05-31,price
454,151,6098,-1,2006-05-01,2006-05-31,price
455,151,7751,-1,2006-05-01,2006-05-31,price
456,152,6981,1,2006-06-01,2006-06-30,price
457,152,8306,1,2006-06-01,2006-06-30,price
458,152,8766,1,2006-06-01,2006-06-30,price
459,153,9432,-1,2006-06-01,2006-06-30,price
460,153,6098,-1,2006-06-01,2006-06-30,price
461,153,7974,-1,2006-06-01,2006-06-30,price
462,154,4503,1,2006-07-01,2006-07-31,price
463,154,9437,1,2006-07-01,2006-07-31,price
464,154,3382,1,2006-07-01,2006-07-31,price
465,155,7751,-1,2006-07-01,2006-07-31,price
466,155,8802,-1,2006-07-01,2006-07-31,price
467,155,6098,-1,2006-07-01,2006-07-31,price
468,156,9984,1,2006-08-01,2006-08-31,price
469,156,6861,1,2006-08-01,2006-08-31,price
470,156,6954,1,2006-08-01,2006-08-31,price
471,157,7974,-1,2006-08-01,2006-08-31,price
472,157,9022,-1,2006-08-01,2006-08-31,price
473,157,6098,-1,2006-08-01,2006-08-31,price
474,158,9984,1,2006-09-01,2006-09-30,price
475,158,8031,1,2006-09-01,2006-09-30,price
476,158,6758,1,2006-09-01,2006-09-30,price
477,159,6981,-1,2006-09-01,2006-09-30,price
478,159,9437,-1,2006-09-01,2006-09-30,price
479,159,7974,-1,2006-09-01,2006-09-30,price
480,160,8031,1,2006-10-01,2006-10-31,price
481,160,8316,1,2006-10-01,2006-10-31,price
482,160,3382,1,2006-10-01,2006-10-31,price
483,161,4063,-1,2006-10-01,2006-10-31,price
484,161,9984,-1,2006-10-01,2006-10-31,price
485,161,6098,-1,2006-10-01,2006-10-31,price
486,162,6861,1,2006-11-01,2006-11-30,price
487,162,8306,1,2006-11-01,2006-11-30,price
488,162,4452,1,2006-11-01,2006-11-30,price
489,163,4503,-1,2006-11-01,2006-11-30,price
490,163,2914,-1,2006-11-01,2006-11-30,price
491,163,6098,-1,2006-11-01,2006-11-30,price
492,164,6752,1,2006-12-01,2006-12-31,price
493,164,8411,1,2006-12-01,2006-12-31,price
494,164,8316,1,2006-12-01,2006-12-31,price
495,165,9433,-1,2006-12-01,2006-12-31,price
496,165,6098,-1,2006-12-01,2006-12-31,price
497,165,7974,-1,2006-12-01,2006-12-31,price
498,166,9984,1,2007-01-01,2007-01-31,price
499,166,9022,1,2007-01-01,2007-01-31,price
500,166,8306,1,2007-01-01,2007-01-31,price
501,167,7203,-1,2007-01-01,2007-01-31,price
502,167,7267,-1,2007-01-01,2007-01-31,price
503,167,6098,-1,2007-01-01,2007-01-31,price
504,168,6861,1,2007-02-01,2007-02-28,price
505,168,7751,1,2007-02-01,2007-02-28,price
506,168,4503,1,2007-02-01,2007-02-28,price
507,169,7974,-1,2007-02-01,2007-02-28,price
508,169,9984,-1,2007-02-01,2007-02-28,price
509,169,6098,-1,2007-02-01,2007-02-28,price
510,170,7974,1,2007-03-01,2007-03-31,price
511,170,4063,1,2007-03-01,2007-03-31,price
512,170,7267,1,2007-03-01,2007-03-31,price
513,171,6758,-1,2007-03-01,2007-03-31,price
514,171,8058,-1,2007-03-01,2007-03-31,price
515,171,9437,-1,2007-03-01,2007-03-31,price
516,172,8411,1,2007-04-01,2007-04-30,price
517,172,8306,1,2007-04-01,2007-04-30,price
518,172,8316,1,2007-04-01,2007-04-30,price
519,173,6501,-1,2007-04-01,2007-04-30,price
520,173,6098,-1,2007-04-01,2007-04-30,price
521,173,7974,-1,2007-04-01,2007-04-30,price
522,174,9984,1,2007-05-01,2007-05-31,price
523,174,8058,1,2007-05-01,2007-05-31,price
524,174,8306,1,2007-05-01,2007-05-31,price
525,175,4063,-1,2007-05-01,2007-05-31,price
526,175,6098,-1,2007-05-01,2007-05-31,price
527,175,7974,-1,2007-05-01,2007-05-31,price
528,176,9022,1,2007-06-01,2007-06-30,price
529,176,9432,1,2007-06-01,2007-06-30,price
530,176,6861,1,2007-06-01,2007-06-30,price
531,177,6758,-1,2007-06-01,2007-06-30,price
532,177,8058,-1,2007-06-01,2007-06-30,price
533,177,8411,-1,2007-06-01,2007-06-30,price
534,178,9433,1,2007-07-01,2007-07-31,price
535,178,8802,1,2007-07-01,2007-07-31,price
536,178,6758,1,2007-07-01,2007-07-31,price
537,179,6098,-1,2007-07-01,2007-07-31,price
538,179,6981,-1,2007-07-01,2007-07-31,price
539,179,6954,-1,2007-07-01,2007-07-31,price
540,180,9437,1,2007-08-01,2007-08-31,price
541,180,9433,1,2007-08-01,2007-08-31,price
542,180,7751,1,2007-08-01,2007-08-31,price
543,181,8031,-1,2007-08-01,2007-08-31,price
544,181,6098,-1,2007-08-01,2007-08-31,price
545,181,7974,-1,2007-08-01,2007-08-31,price
546,182,6954,1,2007-09-01,2007-09-30,price
547,182,6501,1,2007-09-01,2007-09-30,price
548,182,8316,1,2007-09-01,2007-09-30,price
549,183,4503,-1,2007-09-01,2007-09-30,price
550,183,9433,-1,2007-09-01,2007-09-30,price
551,183,6098,-1,2007-09-01,2007-09-30,price
552,184,8411,1,2007-10-01,2007-10-31,price
553,184,8306,1,2007-10-01,2007-10-31,price
554,184,9437,1,2007-10-01,2007-10-31,price
555,185,8031,-1,2007-10-01,2007-10-31,price
556,185,6098,-1,2007-10-01,2007-10-31,price
557,185,8058,-1,2007-10-01,2007-10-31,price
558,186,6981,1,2007-11-01,2007-11-30,price
559,186,4502,1,2007-11-01,2007-11-30,price
560,186,4063,1,2007-11-01,2007-11-30,price
561,187,7974,-1,2007-11-01,2007-11-30,price
562,187,9984,-1,2007-11-01,2007-11-30,price
563,187,6098,-1,2007-11-01,2007-11-30,price
564,188,8031,1,2007-12-01,2007-12-31,price
565,188,7267,1,2007-12-01,2007-12-31,price
566,188,8766,1,2007-12-01,2007-12-31,price
567,189,6098,-1,2007-12-01,2007-12-31,price
568,189,6758,-1,2007-12-01,2007-12-31,price
569,189,9437,-1,2007-12-01,2007-12-31,price
570,190,9022,1,2008-01-01,2008-01-31,price
571,190,8316,1,2008-01-01,2008-01-31,price
572,190,8411,1,2008-01-01,2008-01-31,price
573,191,9432,-1,2008-01-01,2008-01-31,price
574,191,6098,-1,2008-01-01,2008-01-31,price
575,191,3382,-1,2008-01-01,2008-01-31,price
576,192,7974,1,2008-02-01,2008-02-29,price
577,192,4063,1,2008-02-01,2008-02-29,price
578,192,3382,1,2008-02-01,2008-02-29,price
579,193,8802,-1,2008-02-01,2008-02-29,price
580,193,6098,-1,2008-02-01,2008-02-29,price
581,193,8766,-1,2008-02-01,2008-02-29,price
582,194,9432,1,2008-03-01,2008-03-31,price
583,194,4502,1,2008-03-01,2008-03-31,price
584,194,9433,1,2008-03-01,2008-03-31,price
585,195,8031,-1,2008-03-01,2008-03-31,price
586,195,6098,-1,2008-03-01,2008-03-31,price
587,195,8058,-1,2008-03-01,2008-03-31,price
588,196,6501,1,2008-04-01,2008-04-30,price
589,196,6758,1,2008-04-01,2008-04-30,price
590,196,8411,1,2008-04-01,2008-04-30,price
591,197,9020,-1,2008-04-01,2008-04-30,price
592,197,9022,-1,2008-04-01,2008-04-30,price
593,197,6098,-1,2008-04-01,2008-04-30,price
594,198,9020,1,2008-05-01,2008-05-31,price
595,198,4452,1,2008-05-01,2008-05-31,price
596,198,9022,1,2008-05-01,2008-05-31,price
597,199,8316,-1,2008-05-01,2008-05-31,price
598,199,6098,-1,2008-05-01,2008-05-31,price
599,199,8411,-1,2008-05-01,2008-05-31,price
600,200,9984,1,2008-06-01,2008-06-30,price
601,200,6861,1,2008-06-01,2008-06-30,price
602,200,6752,1,2008-06-01,2008-06-30,price
603,201,6501,-1,2008-06-01,2008-06-30,price
604,201,9432,-1,2008-06-01,2008-06-30,price
605,201,6098,-1,2008-06-01,2008-06-30,price
606,202,8802,1,2008-07-01,2008-07-31,price
607,202,8306,1,2008-07-01,2008-07-31,price
608,202,6758,1,2008-07-01,2008-07-31,price
609,203,9020,-1,2008-07-01,2008-07-31,price
610,203,9022,-1,2008-07-01,2008-07-31,price
611,203,6098,-1,2008-07-01,2008-07-31,price
612,204,6954,1,2008-08-01,2008-08-31,price
613,204,8058,1,2008-08-01,2008-08-31,price
614,204,7974,1,2008-08-01,2008-08-31,price
615,205,9437,-1,2008-08-01,2008-08-31,price
616,205,8802,-1,2008-08-01,2008-08-31,price
617,205,6098,-1,2008-08-01,2008-08-31,price
618,206,8316,1,2008-09-01,2008-09-30,price
619,206,8031,1,2008-09-01,2008-09-30,price
620,206,8306,1,2008-09-01,2008-09-30,price
621,207,4452,-1,2008-09-01,2008-09-30,price
622,207,6098,-1,2008-09-01,2008-09-30,price
623,207,6981,-1,2008-09-01,2008-09-30,price
624,208,8031,1,2008-10-01,2008-10-31,price
625,208,9984,1,2008-10-01,2008-10-31,price
626,208,8058,1,2008-10-01,2008-10-31,price
627,209,9437,-1,2008-10-01,2008-10-31,price
628,209,8766,-1,2008-10-01,2008-10-31,price
629,209,8306,-1,2008-10-01,2008-10-31,price
630,210,8411,1,2008-11-01,2008-11-30,price
631,210,8316,1,2008-11-01,2008-11-30,price
632,210,6501,1,2008-11-01,2008-11-30,price
633,211,4452,-1,2008-11-01,2008-11-30,price
634,211,4063,-1,2008-11-01,2008-11-30,price
635,211,6098,-1,2008-11-01,2008-11-30,price
636,212,4063,1,2008-12-01,2008-12-31,price
637,212,8058,1,2008-12-01,2008-12-31,price
638,212,6752,1,2008-12-01,2008-12-31,price
639,213,9984,-1,2008-12-01,2008-12-31,price
640,213,6098,-1,2008-12-01,2008-12-31,price
641,213,8411,-1,2008-12-01,2008-12-31,price
642,214,6501,1,2009-01-01,2009-01-31,price
643,214,2914,1,2009-01-01,2009-01-31,price
644,214,4503,1,2009-01-01,2009-01-31,price
645,215,6861,-1,2009-01-01,2009-01-31,price
646,215,9984,-1,2009-01-01,2009-01-31,price
647,215,6098,-1,2009-01-01,2009-01-31,price
648,216,3382,1,2009-02-01,2009-02-28,price
649,216,4452,1,2009-02-01,2009-02-28,price
650,216,9022,1,2009-02-01,2009-02-28,price
651,217,8031,-1,2009-02-01,2009-02-28,price
652,217,7267,-1,2009-02-01,2009-02-28,price
653,217,6098,-1,2009-02-01,2009-02-28,price
654,218,8411,1,2009-03-01,2009-03-31,price
655,218,8802,1,2009-03-01,2009-03-31,price
656,218,6501,1,2009-03-01,2009-03-31,price
657,219,7267,-1,2009-03-01,2009-03-31,price
658,219,6098,-1,2009-03-01,2009-03-31,price
659,219,6954,-1,2009-03-01,2009-03-31,price
660,220,4502,1,2009-04-01,2009-04-30,price
661,220,9437,1,2009-04-01,2009-04-30,price
662,220,9020,1,2009-04-01,2009-04-30,price
663,221,2914,-1,2009-04-01,2009-04-30,price
664,221,6098,-1,2009-04-01,2009-04-30,price
665,221,6758,-1,2009-04-01,2009-04-30,price
666,222,7974,1,2009-05-01,2009-05-31,price
667,222,9433,1,2009-05-01,2009-05-31,price
668,222,2914,1,2009-05-01,2009-05-31,price
669,223,6501,-1,2009-05-01,2009-05-31,price
670,223,6752,-1,2009-05-01,2009-05-31,price
671,223,6098,-1,2009-05-01,2009-05-31,price
672,224,6501,1,2009-06-01,2009-06-30,price
673,224,7267,1,2009-06-01,2009-06-30,price
674,224,7974,1,2009-06-01,2009-06-30,price
675,225,2914,-1,2009-06-01,2009-06-30,price
676,225,8802,-1,2009-06-01,2009-06-30,price
677,225,6098,-1,2009-06-01,2009-06-30,price
678,226,8031,1,2009-07-01,2009-07-31,price
679,226,4063,1,2009-07-01,2009-07-31,price
680,226,6501,1,2009-07-01,2009-07-31,price
681,227,9984,-1,2009-07-01,2009-07-31,price
682,227,2914,-1,2009-07-01,2009-07-31,price
683,227,6098,-1,2009-07-01,2009-07-31,price
684,228,9020,1,2009-08-01,2009-08-31,price
685,228,8411,1,2009-08-01,2009-08-31,price
686,228,8306,1,2009-08-01,2009-08-31,price
687,229,7267,-1,2009-08-01,2009-08-31,price
688,229,6752,-1,2009-08-01,2009-08-31,price
689,229,6098,-1,2009-08-01,2009-08-31,price
690,230,6758,1,2009-09-01,2009-09-30,price
691,230,7267,1,2009-09-01,2009-09-30,price
692,230,6981,1,2009-09-01,2009-09-30,price
693,231,9022,-1,2009-09-01,2009-09-30,price
694,231,9020,-1,2009-09-01,2009-09-30,price
695,231,6098,-1,2009-09-01,2009-09-30,price
696,232,8411,1,2009-10-01,2009-10-31,price
697,232,8316,1,2009-10-01,2009-10-31,price
698,232,8306,1,2009-10-01,2009-10-31,price
699,233,9020,-1,2009-10-01,2009-10-31,price
700,233,2914,-1,2009-10-01,2009-10-31,price
701,233,6098,-1,2009-10-01,2009-10-31,price
702,234,2914,1,2009-11-01,2009-11-30,price
703,234,4452,1,2009-11-01,2009-11-30,price
704,234,9020,1,2009-11-01,2009-11-30,price
705,235,9984,-1,2009-11-01,2009-11-30,price
706,235,6098,-1,2009-11-01,2009-11-30,price
707,235,8058,-1,2009-11-01,2009-11-30,price
708,236,6501,1,2009-12-01,2009-12-31,price
709,236,6758,1,2009-12-01,2009-12-31,price
710,236,6752,1,2009-12-01,2009-12-31,price
711,237,4452,-1,2009-12-01,2009-12-31,price
712,237,9020,-1,2009-12-01,2009-12-31,price
713,237,6098,-1,2009-12-01,2009-12-31,price
714,238,8306,1,2010-01-01,2010-01-31,price
715,238,8316,1,2010-01-01,2010-01-31,price
716,238,3382,1,2010-01-01,2010-01-31,price
717,239,6501,-1,2010-01-01,2010-01-31,price
718,239,2914,-1,2010-01-01,2010-01-31,price
719,239,6098,-1,2010-01-01,2010-01-31,price
720,240,7203,1,2010-02-01,2010-02-28,price
721,240,7751,1,2010-02-01,2010-02-28,price
722,240,4063,1,2010-02-01,2010-02-28,price
723,241,6098,-1,2010-02-01,2010-02-28,price
724,241,6758,-1,2010-02-01,2010-02-28,price
725,241,7974,-1,2010-02-01,2010-02-28,price
726,242,6752,1,2010-03-01,2010-03-31,price
727,242,7974,1,2010-03-01,2010-03-31,price
728,242,8306,1,2010-03-01,2010-03-31,price
729,243,7751,-1,2010-03-01,2010-03-31,price
730,243,8031,-1,2010-03-01,2010-03-31,price
731,243,6098,-1,2010-03-01,2010-03-31,price
732,244,9984,1,2010-04-01,2010-04-30,price
733,244,9433,1,2010-04-01,2010-04-30,price
734,244,9432,1,2010-04-01,2010-04-30,price
735,245,6098,-1,2010-04-01,2010-04-30,price
736,245,6758,-1,2010-04-01,2010-04-30,price
737,245,7974,-1,2010-04-01,2010-04-30,price
738,246,8031,1,2010-05-01,2010-05-31,price
739,246,9984,1,2010-05-01,2010-05-31,price
740,246,8058,1,2010-05-01,2010-05-31,price
741,247,8802,-1,2010-05-01,2010-05-31,price
742,247,6501,-1,2010-05-01,2010-05-31,price
743,247,6098,-1,2010-05-01,2010-05-31,price
744,248,6981,1,2010-06-01,2010-06-30,price
745,248,8802,1,2010-06-01,2010-06-30,price
746,248,6752,1,2010-06-01,2010-06-30,price
747,249,9022,-1,2010-06-01,2010-06-30,price
748,249,9984,-1,2010-06-01,2010-06-30,price
749,249,6098,-1,2010-06-01,2010-06-30,price
750,250,8031,1,2010-07-01,2010-07-31,price
751,250,6758,1,2010-07-01,2010-07-31,price
752,250,8411,1,2010-07-01,2010-07-31,price
753,251,9984,-1,2010-07-01,2010-07-31,price
754,251,6098,-1,2010-07-01,2010-07-31,price
755,251,6954,-1,2010-07-01,2010-07-31,price
756,252,7974,1,2010-08-01,2010-08-31,price
757,252,9020,1,2010-08-01,2010-08-31,price
758,252,9022,1,2010-08-01,2010-08-31,price
759,253,6098,-1,2010-08-01,2010-08-31,price
760,253,7751,-1,2010-08-01,2010-08-31,price
761,253,6758,-1,2010-08-01,2010-08-31,price
762,254,6861,1,2010-09-01,2010-09-30,price
763,254,6758,1,2010-09-01,2010-09-30,price
764,254,6954,1,2010-09-01,2010-09-30,price
765,255,9437,-1,2010-09-01,2010-09-30,price
766,255,8802,-1,2010-09-01,2010-09-30,price
767,255,6098,-1,2010-09-01,2010-09-30,price
768,256,7974,1,2010-10-01,2010-10-31,price
769,256,9022,1,2010-10-01,2010-10-31,price
770,256,9020,1,2010-10-01,2010-10-31,price
771,257,8031,-1,2010-10-01,2010-10-31,price
772,257,6098,-1,2010-10-01,2010-10-31,price
773,257,6954,-1,2010-10-01,2010-10-31,price
774,258,2914,1,2010-11-01,2010-11-30,price
775,258,9984,1,2010-11-01,2010-11-30,price
776,258,7751,1,2010-11-01,2010-11-30,price
777,259,9433,-1,2010-11-01,2010-11-30,price
778,259,6098,-1,2010-11-01,2010-11-30,price
779,259,6954,-1,2010-11-01,2010-11-30,price
780,260,4503,1,2010-12-01,2010-12-31,price
781,260,8802,1,2010-12-01,2010-12-31,price
782,260,9437,1,2010-12-01,2010-12-31,price
783,261,6758,-1,2010-12-01,2010-12-31,price
784,261,8411,-1,2010-12-01,2010-12-31,price
785,261,6981,-1,2010-12-01,2010-12-31,price
786,262,9984,1,2011-01-01,2011-01-31,price
787,262,6752,1,2011-01-01,2011-01-31,price
788,262,9433,1,2011-01-01,2011-01-31,price
789,263,6098,-1,2011-01-01,2011-01-31,price
790,263,6981,-1,2011-01-01,2011-01-31,price
791,263,8411,-1,2011-01-01,2011-01-31,price
792,264,6861,1,2011-02-01,2011-02-28,price
793,264,7974,1,2011-02-01,2011-02-28,price
794,264,7751,1,2011-02-01,2011-02-28,price
795,265,7267,-1,2011-02-01,2011-02-28,price
796,265,6098,-1,2011-02-01,2011-02-28,price
797,265,6981,-1,2011-02-01,2011-02-28,price
798,266,6954,1,2011-03-01,2011-03-31,price
799,266,6752,1,2011-03-01,2011-03-31,price
800,266,8058,1,2011-03-01,2011-03-31,price
801,267,9433,-1,2011-03-01,2011-03-31,price
802,267,9984,-1,2011-03-01,2011-03-31,price
803,267,6098,-1,2011-03-01,2011-03-31,price
804,268,9020,1,2011-04-01,2011-04-30,price
805,268,8316,1,2011-04-01,2011-04-30,price
806,268,8766,1,2011-04-01,2011-04-30,price
807,269,8031,-1,2011-04-01,2011-04-30,price
808,269,6098,-1,2011-04-01,2011-04-30,price
809,269,8058,-1,2011-04-01,2011-04-30,price
810,270,6758,1,2011-05-01,2011-05-31,price
811,270,7974,1,2011-05-01,2011-05-31,price
812,270,8411,1,2011-05-01,2011-05-31,price
813,271,2914,-1,2011-05-01,2011-05-31,price
814,271,6098,-1,2011-05-01,2011-05-31,price
815,271,6954,-1,2011-05-01,2011-05-31,price
816,272,6981,1,2011-06-01,2011-06-30,price
817,272,9984,1,2011-06-01,2011-06-30,price
818,272,6954,1,2011-06-01,2011-06-30,price
819,273,9433,-1,2011-06-01,2011-06-30,price
820,273,6098,-1,2011-06-01,2011-06-30,price
821,273,3382,-1,2011-06-01,2011-06-30,price
822,274,7974,1,2011-07-01,2011-07-31,price
823,274,9437,1,2011-07-01,2011-07-31,price
824,274,4502,1,2011-07-01,2011-07-31,price
825,275,6861,-1,2011-07-01,2011-07-31,price
826,275,6098,-1,2011-07-01,2011-07-31,price
827,275,8411,-1,2011-07-01,2011-07-31,price
828,276,7974,1,2011-08-01,2011-08-31,price
829,276,6758,1,2011-08-01,2011-08-31,price
830,276,6752,1,2011-08-01,2011-08-31,price
831,277,9022,-1,2011-08-01,2011-08-31,price
832,277,2914,-1,2011-08-01,2011-08-31,price
833,277,6098,-1,2011-08-01,2011-08-31,price
834,278,7267,1,2011-09-01,2011-09-30,price
835,278,6954,1,2011-09-01,2011-09-30,price
836,278,8306,1,2011-09-01,2011-09-30,price
837,279,9437,-1,2011-09-01,2011-09-30,price
838,279,4502,-1,2011-09-01,2011-09-30,price
839,279,7974,-1,2011-09-01,2011-09-30,price
840,280,6954,1,2011-10-01,2011-10-31,price
841,280,7974,1,2011-10-01,2011-10-31,price
842,280,8058,1,2011-10-01,2011-10-31,price
843,281,2914,-1,2011-10-01,2011-10-31,price
844,281,4452,-1,2011-10-01,2011-10-31,price
845,281,6098,-1,2011-10-01,2011-10-31,price
846,282,6861,1,2011-11-01,2011-11-30,price
847,282,8766,1,2011-11-01,2011-11-30,price
848,282,4452,1,2011-11-01,2011-11-30,price
849,283,9984,-1,2011-11-01,2011-11-30,price
850,283,6098,-1,2011-11-01,2011-11-30,price
851,283,6954,-1,2011-11-01,2011-11-30,price
852,284,9433,1,2011-12-01,2011-12-31,price
853,284,6758,1,2011-12-01,2011-12-31,price
854,284,4502,1,2011-12-01,2011-12-31,price
855,285,4503,-1,2011-12-01,2011-12-31,price
856,285,8031,-1,2011-12-01,2011-12-31,price
857,285,6098,-1,2011-12-01,2011-12-31,price
858,286,6981,1,2012-01-01,2012-01-31,price
859,286,6752,1,2012-01-01,2012-01-31,price
860,286,8802,1,2012-01-01,2012-01-31,price
861,287,6098,-1,2012-01-01,2012-01-31,price
862,287,4503,-1,2012-01-01,2012-01-31,price
863,287,4502,-1,2012-01-01,2012-01-31,price
864,288,9984,1,2012-02-01,2012-02-29,price
865,288,6752,1,2012-02-01,2012-02-29,price
866,288,4452,1,2012-02-01,2012-02-29,price
867,289,8316,-1,2012-02-01,2012-02-29,price
868,289,7267,-1,2012-02-01,2012-02-29,price
869,289,6098,-1,2012-02-01,2012-02-29,price
870,290,9432,1,2012-03-01,2012-03-31,price
871,290,9437,1,2012-03-01,2012-03-31,price
872,290,9022,1,2012-03-01,2012-03-31,price
873,291,6752,-1,2012-03-01,2012-03-31,price
874,291,6098,-1,2012-03-01,2012-03-31,price
875,291,6758,-1,2012-03-01,2012-03-31,price
876,292,6758,1,2012-04-01,2012-04-30,price
877,292,8058,1,2012-04-01,2012-04-30,price
878,292,9432,1,2012-04-01,2012-04-30,price
879,293,4063,-1,2012-04-01,2012-04-30,price
880,293,6501,-1,2012-04-01,2012-04-30,price
881,293,6098,-1,2012-04-01,2012-04-30,price
882,294,6758,1,2012-05-01,2012-05-31,price
883,294,6752,1,2012-05-01,2012-05-31,price
884,294,7974,1,2012-05-01,2012-05-31,price
885,295,4452,-1,2012-05-01,2012-05-31,price
886,295,6098,-1,2012-05-01,2012-05-31,price
887,295,9437,-1,2012-05-01,2012-05-31,price
888,296,6758,1,2012-06-01,2012-06-30,price
889,296,8766,1,2012-06-01,2012-06-30,price
890,296,6752,1,2012-06-01,2012-06-30,price
891,297,2914,-1,2012-06-01,2012-06-30,price
892,297,9984,-1,2012-06-01,2012-06-30,price
893,297,6098,-1,2012-06-01,2012-06-30,price
894,298,6954,1,2012-07-01,2012-07-31,price
895,298,9022,1,2012-07-01,2012-07-31,price
896,298,3382,1,2012-07-01,2012-07-31,price
897,299,9984,-1,2012-07-01,2012-07-31,price
898,299,6752,-1,2012-07-01,2012-07-31,price
899,299,6098,-1,2012-07-01,2012-07-31,price
900,300,7751,1,2012-08-01,2012-08-31,price
901,300,6752,1,2012-08-01,2012-08-31,price
902,300,6758,1,2012-08-01,2012-08-31,price
903,301,9433,-1,2012-08-01,2012-08-31,price
904,301,6098,-1,2012-08-01,2012-08-31,price
905,301,4503,-1,2012-08-01,2012-08-31,price
906,302,6752,1,2012-09-01,2012-09-30,price
907,302,6758,1,2012-09-01,2012-09-30,price
908,302,8058,1,2012-09-01,2012-09-30,price
909,303,4452,-1,2012-09-01,2012-09-30,price
910,303,6098,-1,2012-09-01,2012-09-30,price
911,303,6954,-1,2012-09-01,2012-09-30,price
912,304,7751,1,2012-10-01,2012-10-31,price
913,304,6752,1,2012-10-01,2012-10-31,price
914,304,6861,1,2012-10-01,2012-10-31,price
915,305,9433,-1,2012-10-01,2012-10-31,price
916,305,6098,-1,2012-10-01,2012-10-31,price
917,305,7974,-1,2012-10-01,2012-10-31,price
918,306,9984,1,2012-11-01,2012-11-30,price
919,306,9437,1,2012-11-01,2012-11-30,price
920,306,6981,1,2012-11-01,2012-11-30,price
921,307,9020,-1,2012-11-01,2012-11-30,price
922,307,8802,-1,2012-11-01,2012-11-30,price
923,307,6098,-1,2012-11-01,2012-11-30,price
924,308,6758,1,2012-12-01,2012-12-31,price
925,308,9022,1,2012-12-01,2012-12-31,price
926,308,7974,1,2012-12-01,2012-12-31,price
927,309,7203,-1,2012-12-01,2012-12-31,price
928,309,9984,-1,2012-12-01,2012-12-31,price
929,309,6098,-1,2012-12-01,2012-12-31,price
930,310,7974,1,2013-01-01,2013-01-31,price
931,310,4503,1,2013-01-01,2013-01-31,price
932,310,9432,1,2013-01-01,2013-01-31,price
933,311,8802,-1,2013-01-01,2013-01-31,price
934,311,6752,-1,2013-01-01,2013-01-31,price
935,311,6098,-1,2013-01-01,2013-01-31,price
936,312,6954,1,2013-02-01,2013-02-28,price
937,312,7974,1,2013-02-01,2013-02-28,price
938,312,7751,1,2013-02-01,2013-02-28,price
939,313,4503,-1,2013-02-01,2013-02-28,price
940,313,4502,-1,2013-02-01,2013-02-28,price
941,313,6758,-1,2013-02-01,2013-02-28,price
942,314,6501,1,2013-03-01,2013-03-31,price
943,314,3382,1,2013-03-01,2013-03-31,price
944,314,8058,1,2013-03-01,2013-03-31,price
945,315,6752,-1,2013-03-01,2013-03-31,price
946,315,4452,-1,2013-03-01,2013-03-31,price
947,315,6098,-1,2013-03-01,2013-03-31,price
948,316,8058,1,2013-04-01,2013-04-30,price
949,316,8031,1,2013-04-01,2013-04-30,price
950,316,6752,1,2013-04-01,2013-04-30,price
951,317,9984,-1,2013-04-01,2013-04-30,price
952,317,6098,-1,2013-04-01,2013-04-30,price
953,317,3382,-1,2013-04-01,2013-04-30,price
954,318,6954,1,2013-05-01,2013-05-31,price
955,318,8058,1,2013-05-01,2013-05-31,price
956,318,6758,1,2013-05-01,2013-05-31,price
957,319,8316,-1,2013-05-01,2013-05-31,price
958,319,8802,-1,2013-05-01,2013-05-31,price
959,319,6098,-1,2013-05-01,2013-05-31,price
960,320,8802,1,2013-06-01,2013-06-30,price
961,320,4502,1,2013-06-01,2013-06-30,price
962,320,8316,1,2013-06-01,2013-06-30,price
963,321,6501,-1,2013-06-01,2013-06-30,price
964,321,6098,-1,2013-06-01,2013-06-30,price
965,321,6758,-1,2013-06-01,2013-06-30,price
966,322,6501,1,2013-07-01,2013-07-31,price
967,322,7751,1,2013-07-01,2013-07-31,price
968,322,6954,1,2013-07-01,2013-07-31,price
969,323,8316,-1,2013-07-01,2013-07-31,price
970,323,6098,-1,2013-07-01,2013-07-31,price
971,323,7974,-1,2013-07-01,2013-07-31,price
972,324,6981,1,2013-08-01,2013-08-31,price
973,324,4452,1,2013-08-01,2013-08-31,price
974,324,4063,1,2013-08-01,2013-08-31,price
975,325,6752,-1,2013-08-01,2013-08-31,price
976,325,9984,-1,2013-08-01,2013-08-31,price
977,325,6098,-1,2013-08-01,2013-08-31,price
978,326,7974,1,2013-09-01,2013-09-30,price
979,326,9433,1,2013-09-01,2013-09-30,price
980,326,4452,1,2013-09-01,2013-09-30,price
981,327,8031,-1,2013-09-01,2013-09-30,price
982,327,6098,-1,2013-09-01,2013-09-30,price
983,327,9437,-1,2013-09-01,2013-09-30,price
984,328,7974,1,2013-10-01,2013-10-31,price
985,328,4503,1,2013-10-01,2013-10-31,price
986,328,4063,1,2013-10-01,2013-10-31,price
987,329,8802,-1,2013-10-01,2013-10-31,price
988,329,6861,-1,2013-10-01,2013-10-31,price
989,329,6098,-1,2013-10-01,2013-10-31,price
990,330,6758,1,2013-11-01,2013-11-30,price
991,330,4063,1,2013-11-01,2013-11-30,price
992,330,6954,1,2013-11-01,2013-11-30,price
993,331,4503,-1,2013-11-01,2013-11-30,price
994,331,6861,-1,2013-11-01,2013-11-30,price
995,331,6098,-1,2013-11-01,2013-11-30,price
996,332,2914,1,2013-12-01,2013-12-31,price
997,332,9022,1,2013-12-01,2013-12-31,price
998,332,6861,1,2013-12-01,2013-12-31,price
999,333,7974,-1,2013-12-01,2013-12-31,price
1000,333,9433,-1,2013-12-01,2013-12-31,price
1001,333,6098,-1,2013-12-01,2013-12-31,price
1002,334,4502,1,2014-01-01,2014-01-31,price
1003,334,6758,1,2014-01-01,2014-01-31,price
1004,334,2914,1,2014-01-01,2014-01-31,price
1005,335,6098,-1,2014-01-01,2014-01-31,price
1006,335,3382,-1,2014-01-01,2014-01-31,price
1007,335,6954,-1,2014-01-01,2014-01-31,price
1008,336,8802,1,2014-02-01,2014-02-28,price
1009,336,9984,1,2014-02-01,2014-02-28,price
1010,336,8766,1,2014-02-01,2014-02-28,price
1011,337,6098,-1,2014-02-01,2014-02-28,price
1012,337,4503,-1,2014-02-01,2014-02-28,price
1013,337,6981,-1,2014-02-01,2014-02-28,price
1014,338,7267,1,2014-03-01,2014-03-31,price
1015,338,3382,1,2014-03-01,2014-03-31,price
1016,338,8316,1,2014-03-01,2014-03-31,price
1017,339,8031,-1,2014-03-01,2014-03-31,price
1018,339,6098,-1,2014-03-01,2014-03-31,price
1019,339,6758,-1,2014-03-01,2014-03-31,price
1020,340,6752,1,2014-04-01,2014-04-30,price
1021,340,4503,1,2014-04-01,2014-04-30,price
1022,340,8031,1,2014-04-01,2014-04-30,price
1023,341,6098,-1,2014-04-01,2014-04-30,price
1024,341,3382,-1,2014-04-01,2014-04-30,price
1025,341,6758,-1,2014-04-01,2014-04-30,price
1026,342,6981,1,2014-05-01,2014-05-31,price
1027,342,7974,1,2014-05-01,2014-05-31,price
1028,342,6758,1,2014-05-01,2014-05-31,price
1029,343,9022,-1,2014-05-01,2014-05-31,price
1030,343,4452,-1,2014-05-01,2014-05-31,price
1031,343,6098,-1,2014-05-01,2014-05-31,price
1032,344,6758,1,2014-06-01,2014-06-30,price
1033,344,6501,1,2014-06-01,2014-06-30,price
1034,344,6981,1,2014-06-01,2014-06-30,price
1035,345,8058,-1,2014-06-01,2014-06-30,price
1036,345,7974,-1,2014-06-01,2014-06-30,price
1037,345,4503,-1,2014-06-01,2014-06-30,price
1038,346,7267,1,2014-07-01,2014-07-31,price
1039,346,4452,1,2014-07-01,2014-07-31,price
1040,346,7751,1,2014-07-01,2014-07-31,price
1041,347,6861,-1,2014-07-01,2014-07-31,price
1042,347,6752,-1,2014-07-01,2014-07-31,price
1043,347,6098,-1,2014-07-01,2014-07-31,price
1044,348,7974,1,2014-08-01,2014-08-31,price
1045,348,9433,1,2014-08-01,2014-08-31,price
1046,348,8411,1,2014-08-01,2014-08-31,price
1047,349,6501,-1,2014-08-01,2014-08-31,price
1048,349,9432,-1,2014-08-01,2014-08-31,price
1049,349,6098,-1,2014-08-01,2014-08-31,price
1050,350,8802,1,2014-09-01,2014-09-30,price
1051,350,6954,1,2014-09-01,2014-09-30,price
1052,350,3382,1,2014-09-01,2014-09-30,price
1053,351,6098,-1,2014-09-01,2014-09-30,price
1054,351,4503,-1,2014-09-01,2014-09-30,price
1055,351,6758,-1,2014-09-01,2014-09-30,price
1056,352,4452,1,2014-10-01,2014-10-31,price
1057,352,6758,1,2014-10-01,2014-10-31,price
1058,352,9432,1,2014-10-01,2014-10-31,price
1059,353,6098,-1,2014-10-01,2014-10-31,price
1060,353,6954,-1,2014-10-01,2014-10-31,price
1061,353,6981,-1,2014-10-01,2014-10-31,price
1062,354,7267,1,2014-11-01,2014-11-30,price
1063,354,7751,1,2014-11-01,2014-11-30,price
1064,354,6954,1,2014-11-01,2014-11-30,price
1065,355,6861,-1,2014-11-01,2014-11-30,price
1066,355,8802,-1,2014-11-01,2014-11-30,price
1067,355,6098,-1,2014-11-01,2014-11-30,price
1068,356,9432,1,2014-12-01,2014-12-31,price
1069,356,8802,1,2014-12-01,2014-12-31,price
1070,356,8031,1,2014-12-01,2014-12-31,price
1071,357,7974,-1,2014-12-01,2014-12-31,price
1072,357,6752,-1,2014-12-01,2014-12-31,price
1073,357,6758,-1,2014-12-01,2014-12-31,price
1074,358,6098,1,2015-01-01,2015-01-31,price
1075,358,2914,1,2015-01-01,2015-01-31,price
1076,358,7974,1,2015-01-01,2015-01-31,price
1077,359,6981,-1,2015-01-01,2015-01-31,price
1078,359,9022,-1,2015-01-01,2015-01-31,price
1079,359,4452,-1,2015-01-01,2015-01-31,price
1080,360,7974,1,2015-02-01,2015-02-28,price
1081,360,8316,1,2015-02-01,2015-02-28,price
1082,360,8031,1,2015-02-01,2015-02-28,price
1083,361,9432,-1,2015-02-01,2015-02-28,price
1084,361,9437,-1,2015-02-01,2015-02-28,price
1085,361,4502,-1,2015-02-01,2015-02-28,price
1086,362,6501,1,2015-03-01,2015-03-31,price
1087,362,9433,1,2015-03-01,2015-03-31,price
1088,362,4452,1,2015-03-01,2015-03-31,price
1089,363,8316,-1,2015-03-01,2015-03-31,price
1090,363,8306,-1,2015-03-01,2015-03-31,price
1091,363,6758,-1,2015-03-01,2015-03-31,price
1092,364,6758,1,2015-04-01,2015-04-30,price
1093,364,9984,1,2015-04-01,2015-04-30,price
1094,364,4063,1,2015-04-01,2015-04-30,price
1095,365,6981,-1,2015-04-01,2015-04-30,price
1096,365,6954,-1,2015-04-01,2015-04-30,price
1097,365,7974,-1,2015-04-01,2015-04-30,price
1098,366,4063,1,2015-05-01,2015-05-31,price
1099,366,4503,1,2015-05-01,2015-05-31,price
1100,366,9022,1,2015-05-01,2015-05-31,price
1101,367,7974,-1,2015-05-01,2015-05-31,price
1102,367,8316,-1,2015-05-01,2015-05-31,price
1103,367,8306,-1,2015-05-01,2015-05-31,price
1104,368,4503,1,2015-06-01,2015-06-30,price
1105,368,6098,1,2015-06-01,2015-06-30,price
1106,368,4502,1,2015-06-01,2015-06-30,price
1107,369,8316,-1,2015-06-01,2015-06-30,price
1108,369,6981,-1,2015-06-01,2015-06-30,price
1109,369,8411,-1,2015-06-01,2015-06-30,price
1110,370,6758,1,2015-07-01,2015-07-31,price
1111,370,6954,1,2015-07-01,2015-07-31,price
1112,370,6752,1,2015-07-01,2015-07-31,price
1113,371,9437,-1,2015-07-01,2015-07-31,price
1114,371,6981,-1,2015-07-01,2015-07-31,price
1115,371,9433,-1,2015-07-01,2015-07-31,price
1116,372,6954,1,2015-08-01,2015-08-31,price
1117,372,6981,1,2015-08-01,2015-08-31,price
1118,372,6752,1,2015-08-01,2015-08-31,price
1119,373,9437,-1,2015-08-01,2015-08-31,price
1120,373,9020,-1,2015-08-01,2015-08-31,price
1121,373,2914,-1,2015-08-01,2015-08-31,price
1122,374,8058,1,2015-09-01,2015-09-30,price
1123,374,6501,1,2015-09-01,2015-09-30,price
1124,374,7203,1,2015-09-01,2015-09-30,price
1125,375,8031,-1,2015-09-01,2015-09-30,price
1126,375,9984,-1,2015-09-01,2015-09-30,price
1127,375,7974,-1,2015-09-01,2015-09-30,price
1128,376,9984,1,2015-10-01,2015-10-31,price
1129,376,9437,1,2015-10-01,2015-10-31,price
1130,376,7974,1,2015-10-01,2015-10-31,price
1131,377,4452,-1,2015-10-01,2015-10-31,price
1132,377,9022,-1,2015-10-01,2015-10-31,price
1133,377,3382,-1,2015-10-01,2015-10-31,price
1134,378,7974,1,2015-11-01,2015-11-30,price
1135,378,3382,1,2015-11-01,2015-11-30,price
1136,378,8802,1,2015-11-01,2015-11-30,price
1137,379,6758,-1,2015-11-01,2015-11-30,price
1138,379,2914,-1,2015-11-01,2015-11-30,price
1139,379,9984,-1,2015-11-01,2015-11-30,price
1140,380,6758,1,2015-12-01,2015-12-31,price
1141,380,8058,1,2015-12-01,2015-12-31,price
1142,380,9984,1,2015-12-01,2015-12-31,price
1143,381,2914,-1,2015-12-01,2015-12-31,price
1144,381,6861,-1,2015-12-01,2015-12-31,price
1145,381,6981,-1,2015-12-01,2015-12-31,price
1146,382,7974,1,2016-01-01,2016-01-31,price
1147,382,6981,1,2016-01-01,2016-01-31,price
1148,382,6752,1,2016-01-01,2016-01-31,price
1149,383,9433,-1,2016-01-01,2016-01-31,price
1150,383,9437,-1,2016-01-01,2016-01-31,price
1151,383,9432,-1,2016-01-01,2016-01-31,price
1152,384,6954,1,2016-02-01,2016-02-29,price
1153,384,6981,1,2016-02-01,2016-02-29,price
1154,384,8306,1,2016-02-01,2016-02-29,price
1155,385,9432,-1,2016-02-01,2016-02-29,price
1156,385,2914,-1,2016-02-01,2016-02-29,price
1157,385,6098,-1,2016-02-01,2016-02-29,price
1158,386,6501,1,2016-03-01,2016-03-31,price
1159,386,7203,1,2016-03-01,2016-03-31,price
1160,386,3382,1,2016-03-01,2016-03-31,price
1161,387,6861,-1,2016-03-01,2016-03-31,price
1162,387,9984,-1,2016-03-01,2016-03-31,price
1163,387,6954,-1,2016-03-01,2016-03-31,price
1164,388,4503,1,2016-04-01,2016-04-30,price
1165,388,9984,1,2016-04-01,2016-04-30,price
1166,388,9020,1,2016-04-01,2016-04-30,price
1167,389,8316,-1,2016-04-01,2016-04-30,price
1168,389,6501,-1,2016-04-01,2016-04-30,price
1169,389,6758,-1,2016-04-01,2016-04-30,price
1170,390,7751,1,2016-05-01,2016-05-31,price
1171,390,2914,1,2016-05-01,2016-05-31,price
1172,390,6954,1,2016-05-01,2016-05-31,price
1173,391,9984,-1,2016-05-01,2016-05-31,price
1174,391,6861,-1,2016-05-01,2016-05-31,price
1175,391,6981,-1,2016-05-01,2016-05-31,price
1176,392,6981,1,2016-06-01,2016-06-30,price
1177,392,4502,1,2016-06-01,2016-06-30,price
1178,392,2914,1,2016-06-01,2016-06-30,price
1179,393,7974,-1,2016-06-01,2016-06-30,price
1180,393,6098,-1,2016-06-01,2016-06-30,price
1181,393,6758,-1,2016-06-01,2016-06-30,price
1182,394,8316,1,2016-07-01,2016-07-31,price
1183,394,6501,1,2016-07-01,2016-07-31,price
1184,394,8306,1,2016-07-01,2016-07-31,price
1185,395,9437,-1,2016-07-01,2016-07-31,price
1186,395,6098,-1,2016-07-01,2016-07-31,price
1187,395,4503,-1,2016-07-01,2016-07-31,price
1188,396,4452,1,2016-08-01,2016-08-31,price
1189,396,2914,1,2016-08-01,2016-08-31,price
1190,396,9437,1,2016-08-01,2016-08-31,price
1191,397,4063,-1,2016-08-01,2016-08-31,price
1192,397,8766,-1,2016-08-01,2016-08-31,price
1193,397,7974,-1,2016-08-01,2016-08-31,price
1194,398,4503,1,2016-09-01,2016-09-30,price
1195,398,9022,1,2016-09-01,2016-09-30,price
1196,398,9432,1,2016-09-01,2016-09-30,price
1197,399,9984,-1,2016-09-01,2016-09-30,price
1198,399,8031,-1,2016-09-01,2016-09-30,price
1199,399,8058,-1,2016-09-01,2016-09-30,price
1200,400,8306,1,2016-10-01,2016-10-31,price
1201,400,7267,1,2016-10-01,2016-10-31,price
1202,400,6981,1,2016-10-01,2016-10-31,price
1203,401,3382,-1,2016-10-01,2016-10-31,price
1204,401,8058,-1,2016-10-01,2016-10-31,price
1205,401,7974,-1,2016-10-01,2016-10-31,price
1206,402,3382,1,2016-11-01,2016-11-30,price
1207,402,4452,1,2016-11-01,2016-11-30,price
1208,402,7974,1,2016-11-01,2016-11-30,price
1209,403,4063,-1,2016-11-01,2016-11-30,price
1210,403,6954,-1,2016-11-01,2016-11-30,price
1211,403,6501,-1,2016-11-01,2016-11-30,price
1212,404,9433,1,2016-12-01,2016-12-31,price
1213,404,2914,1,2016-12-01,2016-12-31,price
1214,404,6758,1,2016-12-01,2016-12-31,price
1215,405,8316,-1,2016-12-01,2016-12-31,price
1216,405,8766,-1,2016-12-01,2016-12-31,price
1217,405,8306,-1,2016-12-01,2016-12-31,price
1218,406,7974,1,2017-01-01,2017-01-31,price
1219,406,8766,1,2017-01-01,2017-01-31,price
1220,406,9433,1,2017-01-01,2017-01-31,price
1221,407,9432,-1,2017-01-01,2017-01-31,price
1222,407,4452,-1,2017-01-01,2017-01-31,price
1223,407,9984,-1,2017-01-01,2017-01-31,price
1224,408,8802,1,2017-02-01,2017-02-28,price
1225,408,4503,1,2017-02-01,2017-02-28,price
1226,408,7974,1,2017-02-01,2017-02-28,price
1227,409,6861,-1,2017-02-01,2017-02-28,price
1228,409,6954,-1,2017-02-01,2017-02-28,price
1229,409,9984,-1,2017-02-01,2017-02-28,price
1230,410,9984,1,2017-03-01,2017-03-31,price
1231,410,6501,1,2017-03-01,2017-03-31,price
1232,410,9432,1,2017-03-01,2017-03-31,price
1233,411,6098,-1,2017-03-01,2017-03-31,price
1234,411,4502,-1,2017-03-01,2017-03-31,price
1235,411,6981,-1,2017-03-01,2017-03-31,price
1236,412,9984,1,2017-04-01,2017-04-30,price
1237,412,8802,1,2017-04-01,2017-04-30,price
1238,412,8316,1,2017-04-01,2017-04-30,price
1239,413,7751,-1,2017-04-01,2017-04-30,price
1240,413,6758,-1,2017-04-01,2017-04-30,price
1241,413,7974,-1,2017-04-01,2017-04-30,price
1242,414,6981,1,2017-05-01,2017-05-31,price
1243,414,7267,1,2017-05-01,2017-05-31,price
1244,414,8031,1,2017-05-01,2017-05-31,price
1245,415,9984,-1,2017-05-01,2017-05-31,price
1246,415,3382,-1,2017-05-01,2017-05-31,price
1247,415,7974,-1,2017-05-01,2017-05-31,price
1248,416,8058,1,2017-06-01,2017-06-30,price
1249,416,8411,1,2017-06-01,2017-06-30,price
1250,416,8031,1,2017-06-01,2017-06-30,price
1251,417,2914,-1,2017-06-01,2017-06-30,price
1252,417,4452,-1,2017-06-01,2017-06-30,price
1253,417,7974,-1,2017-06-01,2017-06-30,price
1254,418,2914,1,2017-07-01,2017-07-31,price
1255,418,4452,1,2017-07-01,2017-07-31,price
1256,418,9433,1,2017-07-01,2017-07-31,price
1257,419,8306,-1,2017-07-01,2017-07-31,price
1258,419,6981,-1,2017-07-01,2017-07-31,price
1259,419,7974,-1,2017-07-01,2017-07-31,price
1260,420,8306,1,2017-08-01,2017-08-31,price
1261,420,8411,1,2017-08-01,2017-08-31,price
1262,420,8316,1,2017-08-01,2017-08-31,price
1263,421,7203,-1,2017-08-01,2017-08-31,price
1264,421,6758,-1,2017-08-01,2017-08-31,price
1265,421,6501,-1,2017-08-01,2017-08-31,price
1266,422,8766,1,2017-09-01,2017-09-30,price
1267,422,8802,1,2017-09-01,2017-09-30,price
1268,422,8306,1,2017-09-01,2017-09-30,price
1269,423,8058,-1,2017-09-01,2017-09-30,price
1270,423,6861,-1,2017-09-01,2017-09-30,price
1271,423,6098,-1,2017-09-01,2017-09-30,price
1272,424,6758,1,2017-10-01,2017-10-31,price
1273,424,4452,1,2017-10-01,2017-10-31,price
1274,424,2914,1,2017-10-01,2017-10-31,price
1275,425,6098,-1,2017-10-01,2017-10-31,price
1276,425,6752,-1,2017-10-01,2017-10-31,price
1277,425,7974,-1,2017-10-01,2017-10-31,price
1278,426,8058,1,2017-11-01,2017-11-30,price
1279,426,8031,1,2017-11-01,2017-11-30,price
1280,426,2914,1,2017-11-01,2017-11-30,price
1281,427,6098,-1,2017-11-01,2017-11-30,price
1282,427,6954,-1,2017-11-01,2017-11-30,price
1283,427,4063,-1,2017-11-01,2017-11-30,price
1284,428,6501,1,2017-12-01,2017-12-31,price
1285,428,6981,1,2017-12-01,2017-12-31,price
1286,428,9984,1,2017-12-01,2017-12-31,price
1287,429,6758,-1,2017-12-01,2017-12-31,price
1288,429,9432,-1,2017-12-01,2017-12-31,price
1289,429,4452,-1,2017-12-01,2017-12-31,price
1290,430,9433,1,2018-01-01,2018-01-31,price
1291,430,7974,1,2018-01-01,2018-01-31,price
1292,430,9432,1,2018-01-01,2018-01-31,price
1293,431,8316,-1,2018-01-01,2018-01-31,price
1294,431,8031,-1,2018-01-01,2018-01-31,price
1295,431,8058,-1,2018-01-01,2018-01-31,price
1296,432,6098,1,2018-02-01,2018-02-28,price
1297,432,3382,1,2018-02-01,2018-02-28,price
1298,432,9432,1,2018-02-01,2018-02-28,price
1299,433,4063,-1,2018-02-01,2018-02-28,price
1300,433,6954,-1,2018-02-01,2018-02-28,price
1301,433,7974,-1,2018-02-01,2018-02-28,price
1302,434,2914,1,2018-03-01,2018-03-31,price
1303,434,8306,1,2018-03-01,2018-03-31,price
1304,434,8802,1,2018-03-01,2018-03-31,price
1305,435,7974,-1,2018-03-01,2018-03-31,price
1306,435,6752,-1,2018-03-01,2018-03-31,price
1307,435,4503,-1,2018-03-01,2018-03-31,price
1308,436,4502,1,2018-04-01,2018-04-30,price
1309,436,9984,1,2018-04-01,2018-04-30,price
1310,436,6752,1,2018-04-01,2018-04-30,price
1311,437,6098,-1,2018-04-01,2018-04-30,price
1312,437,4503,-1,2018-04-01,2018-04-30,price
1313,437,9433,-1,2018-04-01,2018-04-30,price
1314,438,6954,1,2018-05-01,2018-05-31,price
1315,438,4502,1,2018-05-01,2018-05-31,price
1316,438,6981,1,2018-05-01,2018-05-31,price
1317,439,9022,-1,2018-05-01,2018-05-31,price
1318,439,8766,-1,2018-05-01,2018-05-31,price
1319,439,8802,-1,2018-05-01,2018-05-31,price
1320,440,9984,1,2018-06-01,2018-06-30,price
1321,440,8306,1,2018-06-01,2018-06-30,price
1322,440,6752,1,2018-06-01,2018-06-30,price
1323,441,4452,-1,2018-06-01,2018-06-30,price
1324,441,6981,-1,2018-06-01,2018-06-30,price
1325,441,6098,-1,2018-06-01,2018-06-30,price
1326,442,7974,1,2018-07-01,2018-07-31,price
1327,442,4063,1,2018-07-01,2018-07-31,price
1328,442,6861,1,2018-07-01,2018-07-31,price
1329,443,2914,-1,2018-07-01,2018-07-31,price
1330,443,6758,-1,2018-07-01,2018-07-31,price
1331,443,6981,-1,2018-07-01,2018-07-31,price
1332,444,6861,1,2018-08-01,2018-08-31,price
1333,444,3382,1,2018-08-01,2018-08-31,price
1334,444,6752,1,2018-08-01,2018-08-31,price
1335,445,8306,-1,2018-08-01,2018-08-31,price
1336,445,4063,-1,2018-08-01,2018-08-31,price
1337,445,9984,-1,2018-08-01,2018-08-31,price
1338,446,4063,1,2018-09-01,2018-09-30,price
1339,446,6501,1,2018-09-01,2018-09-30,price
1340,446,2914,1,2018-09-01,2018-09-30,price
1341,447,6861,-1,2018-09-01,2018-09-30,price
1342,447,9984,-1,2018-09-01,2018-09-30,price
1343,447,6098,-1,2018-09-01,2018-09-30,price
1344,448,6981,1,2018-10-01,2018-10-31,price
1345,448,4063,1,2018-10-01,2018-10-31,price
1346,448,6752,1,2018-10-01,2018-10-31,price
1347,449,3382,-1,2018-10-01,2018-10-31,price
1348,449,6098,-1,2018-10-01,2018-10-31,price
1349,449,8058,-1,2018-10-01,2018-10-31,price
1350,450,9984,1,2018-11-01,2018-11-30,price
1351,450,6098,1,2018-11-01,2018-11-30,price
1352,450,4452,1,2018-11-01,2018-11-30,price
1353,451,6981,-1,2018-11-01,2018-11-30,price
1354,451,8411,-1,2018-11-01,2018-11-30,price
1355,451,2914,-1,2018-11-01,2018-11-30,price
